Time - Plot 0;Amplitude - Plot 0
579;-0,00319911
580;-0,00319759
581;-0,00319605
582;-0,00319494
583;-0,00319424
584;-0,00319262
585;-0,00319094
586;-0,00318948
587;-0,00318811
588;-0,00318663
589;-0,00318566
590;-0,00318424
591;-0,00318306
592;-0,00318164
593;-0,00318069
594;-0,00317986
595;-0,00317811
596;-0,00317666
597;-0,00317517
598;-0,00317437
599;-0,00317322
600;-0,00317186
601;-0,00317021
602;-0,00316926
603;-0,00316807
604;-0,00316659
605;-0,00316556
606;-0,00316383
607;-0,00316241
608;-0,00316098
609;-0,0031594
610;-0,00315804
611;-0,00315655
612;-0,00315506
613;-0,00315387
614;-0,0031525
615;-0,00315128
616;-0,00314983
617;-0,00314902
618;-0,00314702
619;-0,00314593
620;-0,00314475
621;-0,00314286
622;-0,00314142
623;-0,00314048
624;-0,00313882
625;-0,00313828
626;-0,00313658
627;-0,00313531
628;-0,00313425
629;-0,00313282
630;-0,00313152
631;-0,00313018
632;-0,00312946
633;-0,00312819
634;-0,00312761
635;-0,00313124
636;-0,00312482
637;-0,00311936
638;-0,00312431
639;-0,00312008
640;-0,00311734
641;-0,00311851
642;-0,00311422
643;-0,00311451
644;-0,00311037
645;-0,00310928
646;-0,00310876
647;-0,00310802
648;-0,00310493
649;-0,00310392
650;-0,00310228
651;-0,00310115
652;-0,00310074
653;-0,00309916
654;-0,00309636
655;-0,00309199
656;-0,0030941
657;-0,00309249
658;-0,00309199
659;-0,0030885
660;-0,00309229
661;-0,00308826
662;-0,00308207
663;-0,00308422
664;-0,00308335
665;-0,00308214
666;-0,00308071
667;-0,00307922
668;-0,00307968
669;-0,0030772
670;-0,00307591
671;-0,00307432
672;-0,003074
673;-0,00307224
674;-0,00306818
675;-0,0030705
676;-0,00306636
677;-0,00306777
678;-0,0030667
679;-0,00306519
680;-0,00306388
681;-0,00306241
682;-0,00306167
683;-0,00306113
684;-0,00305929
685;-0,00305843
686;-0,00305716
687;-0,00305656
688;-0,00305517
689;-0,00305353
690;-0,00305259
691;-0,00305075
692;-0,00304961
693;-0,00304816
694;-0,00304854
695;-0,00304593
696;-0,00304453
697;-0,00304393
698;-0,00304352
699;-0,00304049
700;-0,00304091
701;-0,00303871
702;-0,00303842
703;-0,00303779
704;-0,00303564
705;-0,00303487
706;-0,00303392
707;-0,00303215
708;-0,00302938
709;-0,00302935
710;-0,00302885
711;-0,00302716
712;-0,00302682
713;-0,00302456
714;-0,00302301
715;-0,00302268
716;-0,00302132
717;-0,00301987
718;-0,00301833
719;-0,00301757
720;-0,00301658
721;-0,00301539
722;-0,0030143
723;-0,00301334
724;-0,00301191
725;-0,00301061
726;-0,00300928
727;-0,00300812
728;-0,00300687
729;-0,00300587
730;-0,00300452
731;-0,00300337
732;-0,00300186
733;-0,00300127
734;-0,00300017
735;-0,00299882
736;-0,00299714
737;-0,00299646
738;-0,00299498
739;-0,00299371
740;-0,00299256
741;-0,00299148
742;-0,00299019
743;-0,00298888
744;-0,00298726
745;-0,0029858
746;-0,00298484
747;-0,00298352
748;-0,00298269
749;-0,00298122
750;-0,00298021
751;-0,00297903
752;-0,00297743
753;-0,00297615
754;-0,00297521
755;-0,00297381
756;-0,00297271
757;-0,0029714
758;-0,00297021
759;-0,00296895
760;-0,00296749
761;-0,00296635
762;-0,00296496
763;-0,00296395
764;-0,00296289
765;-0,00296166
766;-0,00296058
767;-0,00295921
768;-0,0029579
769;-0,00295676
770;-0,00295556
771;-0,0029541
772;-0,00295278
773;-0,00295064
774;-0,0029505
775;-0,00294933
776;-0,00294826
777;-0,00294684
778;-0,002946
779;-0,0029449
780;-0,0029434
781;-0,00294244
782;-0,00294153
783;-0,00294071
784;-0,00293882
785;-0,00293823
786;-0,00293736
787;-0,00293597
788;-0,00293532
789;-0,00293401
790;-0,00293321
791;-0,00293195
792;-0,00293055
793;-0,00292961
794;-0,00292849
795;-0,00292721
796;-0,00292604
797;-0,00292497
798;-0,00292377
799;-0,00292243
800;-0,00292131
801;-0,00292048
802;-0,00291894
803;-0,00291732
804;-0,00291616
805;-0,00291516
806;-0,00291377
807;-0,00291299
808;-0,00291173
809;-0,00291046
810;-0,00290987
811;-0,00290831
812;-0,00290716
813;-0,00290594
814;-0,00290478
815;-0,00290351
816;-0,00290246
817;-0,00290118
818;-0,0029002
819;-0,00289858
820;-0,00289741
821;-0,00289603
822;-0,00289505
823;-0,00289363
824;-0,00289255
825;-0,00289142
826;-0,00289033
827;-0,00288875
828;-0,00288755
829;-0,00288637
830;-0,00288543
831;-0,0028843
832;-0,00288295
833;-0,00288205
834;-0,00288116
835;-0,00288014
836;-0,00287876
837;-0,00287771
838;-0,0028767
839;-0,0028756
840;-0,00287429
841;-0,00287339
842;-0,00287226
843;-0,0028709
844;-0,00286999
845;-0,00286901
846;-0,00286774
847;-0,00286663
848;-0,00286548
849;-0,00286404
850;-0,00286276
851;-0,00286145
852;-0,00286027
853;-0,00285897
854;-0,00285764
855;-0,00285649
856;-0,00285535
857;-0,00285418
858;-0,00285339
859;-0,00285219
860;-0,00285121
861;-0,00285013
862;-0,00284913
863;-0,00284811
864;-0,00284645
865;-0,0028458
866;-0,00284442
867;-0,00284382
868;-0,0028424
869;-0,00284133
870;-0,0028402
871;-0,00283906
872;-0,002838
873;-0,00283718
874;-0,00283593
875;-0,00283471
876;-0,00283352
877;-0,00283229
878;-0,0028311
879;-0,00283003
880;-0,00282887
881;-0,00282768
882;-0,00282656
883;-0,00282478
884;-0,00282419
885;-0,00282316
886;-0,00282199
887;-0,00282071
888;-0,00282005
889;-0,00281869
890;-0,00281784
891;-0,00281668
892;-0,00281592
893;-0,00281459
894;-0,00281349
895;-0,00281212
896;-0,00281113
897;-0,00281008
898;-0,00280889
899;-0,00280753
900;-0,00280619
901;-0,00280533
902;-0,00280417
903;-0,00280312
904;-0,00280201
905;-0,00280065
906;-0,00279968
907;-0,0027981
908;-0,00279695
909;-0,00279568
910;-0,00279433
911;-0,00279325
912;-0,0027924
913;-0,00279121
914;-0,00279048
915;-0,00278909
916;-0,00278837
917;-0,00278716
918;-0,00278629
919;-0,00278517
920;-0,00278367
921;-0,00278287
922;-0,00278176
923;-0,00278074
924;-0,00277961
925;-0,00277851
926;-0,00277767
927;-0,00277615
928;-0,00277511
929;-0,00277391
930;-0,00277298
931;-0,00277175
932;-0,00277088
933;-0,00276989
934;-0,00276867
935;-0,00276773
936;-0,00276652
937;-0,00276577
938;-0,00276478
939;-0,00276373
940;-0,00276244
941;-0,00276138
942;-0,00276043
943;-0,0027597
944;-0,00275855
945;-0,00275754
946;-0,0027564
947;-0,00275571
948;-0,0027544
949;-0,00275345
950;-0,00275241
951;-0,0027516
952;-0,00275034
953;-0,0027493
954;-0,00274807
955;-0,00274705
956;-0,00274605
957;-0,00274484
958;-0,00274359
959;-0,00274291
960;-0,00274178
961;-0,00274072
962;-0,0027396
963;-0,00273854
964;-0,00273754
965;-0,00273667
966;-0,00273545
967;-0,00273428
968;-0,0027331
969;-0,00273226
970;-0,00273171
971;-0,00273009
972;-0,00272891
973;-0,0027281
974;-0,00272704
975;-0,00272613
976;-0,00272518
977;-0,00272433
978;-0,00272318
979;-0,00272238
980;-0,00272111
981;-0,00272001
982;-0,00271866
983;-0,00271791
984;-0,00271697
985;-0,00271593
986;-0,00271499
987;-0,00271415
988;-0,00271292
989;-0,0027122
990;-0,00271089
991;-0,00271007
992;-0,00270908
993;-0,00270799
994;-0,00270711
995;-0,00270591
996;-0,00270488
997;-0,00270366
998;-0,00270221
999;-0,00270118
1000;-0,0027002
1001;-0,00269937
1002;-0,00269834
1003;-0,00269711
1004;-0,0026961
1005;-0,0026951
1006;-0,00269395
1007;-0,00269276
1008;-0,00269171
1009;-0,00269087
1010;-0,00268968
1011;-0,00268883
1012;-0,00268772
1013;-0,00268666
1014;-0,00268598
1015;-0,00268502
1016;-0,00268415
1017;-0,00268264
1018;-0,00268174
1019;-0,00268049
1020;-0,00267949
1021;-0,00267863
1022;-0,00267743
1023;-0,00267621
1024;-0,00267528
1025;-0,00267411
1026;-0,00267307
1027;-0,00267179
1028;-0,00267073
1029;-0,00266979
1030;-0,00266866
1031;-0,00266765
1032;-0,00266672
1033;-0,00266555
1034;-0,00266452
1035;-0,00266353
1036;-0,00266253
1037;-0,00266115
1038;-0,00266036
1039;-0,00265912
1040;-0,00265821
1041;-0,00265706
1042;-0,0026558
1043;-0,00265495
1044;-0,0026539
1045;-0,00265282
1046;-0,00265194
1047;-0,00265103
1048;-0,00264965
1049;-0,00264879
1050;-0,0026475
1051;-0,00264649
1052;-0,00264518
1053;-0,00264384
1054;-0,00264299
1055;-0,00264207
1056;-0,00264094
1057;-0,00263996
1058;-0,00263897
1059;-0,00263752
1060;-0,0026366
1061;-0,00263644
1062;-0,00263495
1063;-0,00263339
1064;-0,0026326
1065;-0,00263128
1066;-0,00263025
1067;-0,00262946
1068;-0,00262861
1069;-0,00262769
1070;-0,00262638
1071;-0,00262532
1072;-0,00262437
1073;-0,00262317
1074;-0,00262089
1075;-0,00262093
1076;-0,00261949
1077;-0,00261867
1078;-0,0026174
1079;-0,0026165
1080;-0,00261543
1081;-0,00261443
1082;-0,00261315
1083;-0,00261204
1084;-0,00261114
1085;-0,00261035
1086;-0,00260916
1087;-0,00260819
1088;-0,00260692
1089;-0,00260604
1090;-0,0026051
1091;-0,00260409
1092;-0,00260322
1093;-0,00260213
1094;-0,00260157
1095;-0,00260038
1096;-0,00259939
1097;-0,00259824
1098;-0,00259728
1099;-0,00259644
1100;-0,00259495
1101;-0,00259404
1102;-0,0025927
1103;-0,00259193
1104;-0,00259073
1105;-0,0025897
1106;-0,00258886
1107;-0,00258791
1108;-0,00258687
1109;-0,00258574
1110;-0,00258495
1111;-0,00258386
1112;-0,00258306
1113;-0,0025819
1114;-0,00258094
1115;-0,00257992
1116;-0,00257876
1117;-0,00257805
1118;-0,00257672
1119;-0,00257586
1120;-0,00257525
1121;-0,00257428
1122;-0,00257283
1123;-0,00257182
1124;-0,00257088
1125;-0,00256998
1126;-0,00256932
1127;-0,00256792
1128;-0,00256726
1129;-0,00256636
1130;-0,00256522
1131;-0,00256399
1132;-0,00256309
1133;-0,00256229
1134;-0,00256128
1135;-0,00256035
1136;-0,00255948
1137;-0,00255861
1138;-0,00255767
1139;-0,00255653
1140;-0,00255565
1141;-0,00255458
1142;-0,0025537
1143;-0,00255225
1144;-0,00255124
1145;-0,00255041
1146;-0,00254933
1147;-0,00254869
1148;-0,00254755
1149;-0,00254668
1150;-0,00254569
1151;-0,00254428
1152;-0,00254371
1153;-0,00254285
1154;-0,00254208
1155;-0,00254128
1156;-0,00254025
1157;-0,00253949
1158;-0,00253824
1159;-0,0025374
1160;-0,00253626
1161;-0,00253534
1162;-0,00253464
1163;-0,00253353
1164;-0,0025325
1165;-0,00253158
1166;-0,0025306
1167;-0,00252944
1168;-0,0025283
1169;-0,00252737
1170;-0,00252625
1171;-0,00252554
1172;-0,00252475
1173;-0,00252367
1174;-0,00252279
1175;-0,00252195
1176;-0,00252092
1177;-0,00252012
1178;-0,00251926
1179;-0,00251849
1180;-0,00251748
1181;-0,0025162
1182;-0,00251543
1183;-0,00251414
1184;-0,0025134
1185;-0,00251245
1186;-0,00251166
1187;-0,00251064
1188;-0,00250944
1189;-0,00250847
1190;-0,00250753
1191;-0,0025065
1192;-0,0025054
1193;-0,00250431
1194;-0,00250318
1195;-0,00250246
1196;-0,00250137
1197;-0,00250055
1198;-0,00249968
1199;-0,0024988
1200;-0,00249781
1201;-0,00249691
1202;-0,00249621
1203;-0,00249518
1204;-0,00249411
1205;-0,00249291
1206;-0,00249186
1207;-0,0024905
1208;-0,00248937
1209;-0,00248866
1210;-0,00248732
1211;-0,00248645
1212;-0,00248566
1213;-0,00248474
1214;-0,00248391
1215;-0,00248311
1216;-0,00248209
1217;-0,0024811
1218;-0,00248025
1219;-0,0024795
1220;-0,00247827
1221;-0,0024775
1222;-0,00247622
1223;-0,0024753
1224;-0,00247449
1225;-0,00247352
1226;-0,00247267
1227;-0,00247149
1228;-0,00247038
1229;-0,00246953
1230;-0,00246872
1231;-0,00246774
1232;-0,0024665
1233;-0,00246608
1234;-0,00246533
1235;-0,00246423
1236;-0,00246306
1237;-0,00246246
1238;-0,00246117
1239;-0,00246036
1240;-0,00245949
1241;-0,00245861
1242;-0,00245738
1243;-0,00245679
1244;-0,00245573
1245;-0,0024549
1246;-0,00245399
1247;-0,0024529
1248;-0,00245216
1249;-0,00245121
1250;-0,00245006
1251;-0,00244923
1252;-0,00244828
1253;-0,00244767
1254;-0,00244649
1255;-0,00244564
1256;-0,00244481
1257;-0,00244413
1258;-0,00244317
1259;-0,00244199
1260;-0,00244132
1261;-0,00244028
1262;-0,00243898
1263;-0,00243804
1264;-0,00243736
1265;-0,00243585
1266;-0,0024352
1267;-0,00243403
1268;-0,00243311
1269;-0,00243241
1270;-0,00243143
1271;-0,0024306
1272;-0,00242946
1273;-0,00242859
1274;-0,00242741
1275;-0,00242637
1276;-0,00242546
1277;-0,00242455
1278;-0,00242366
1279;-0,00242289
1280;-0,00242186
1281;-0,00242049
1282;-0,00241995
1283;-0,00241816
1284;-0,00241706
1285;-0,00241657
1286;-0,00241593
1287;-0,00241537
1288;-0,00241435
1289;-0,00241369
1290;-0,00241287
1291;-0,0024117
1292;-0,00241038
1293;-0,00240951
1294;-0,00240871
1295;-0,00240751
1296;-0,00240643
1297;-0,00240579
1298;-0,00240479
1299;-0,00240388
1300;-0,00240299
1301;-0,00240183
1302;-0,00240105
1303;-0,00239992
1304;-0,0023988
1305;-0,00239939
1306;-0,00239741
1307;-0,00239665
1308;-0,00239528
1309;-0,00239493
1310;-0,00239378
1311;-0,00239272
1312;-0,0023917
1313;-0,00239136
1314;-0,00238989
1315;-0,00238886
1316;-0,00238825
1317;-0,00238684
1318;-0,00238579
1319;-0,00238468
1320;-0,00238373
1321;-0,0023825
1322;-0,0023822
1323;-0,00238131
1324;-0,00238044
1325;-0,0023798
1326;-0,00237897
1327;-0,00237837
1328;-0,00237741
1329;-0,00237656
1330;-0,00237556
1331;-0,00237491
1332;-0,00237393
1333;-0,00237308
1334;-0,00237228
1335;-0,002371
1336;-0,00237019
1337;-0,00236958
1338;-0,00236873
1339;-0,00236787
1340;-0,00236712
1341;-0,00236616
1342;-0,00236505
1343;-0,00236412
1344;-0,00236323
1345;-0,00236227
1346;-0,00236097
1347;-0,0023603
1348;-0,00235942
1349;-0,00235863
1350;-0,00235763
1351;-0,00235654
1352;-0,00235583
1353;-0,00235494
1354;-0,00235382
1355;-0,00235306
1356;-0,00235188
1357;-0,00235122
1358;-0,00235044
1359;-0,00234957
1360;-0,00234836
1361;-0,0023477
1362;-0,00234649
1363;-0,00234597
1364;-0,00234446
1365;-0,00234383
1366;-0,0023427
1367;-0,00234145
1368;-0,00234086
1369;-0,00234003
1370;-0,00233906
1371;-0,00233765
1372;-0,00233709
1373;-0,00233594
1374;-0,0023349
1375;-0,00233418
1376;-0,00233287
1377;-0,00233264
1378;-0,00233141
1379;-0,00233057
1380;-0,00232951
1381;-0,00232837
1382;-0,00232752
1383;-0,00232634
1384;-0,00232539
1385;-0,00232445
1386;-0,00232358
1387;-0,00232271
1388;-0,00232192
1389;-0,00232098
1390;-0,00231994
1391;-0,00231901
1392;-0,00231833
1393;-0,00231727
1394;-0,00231654
1395;-0,00231553
1396;-0,00231453
1397;-0,00231363
1398;-0,00231285
1399;-0,00231191
1400;-0,00231094
1401;-0,00230989
1402;-0,00230904
1403;-0,00230821
1404;-0,0023073
1405;-0,00230646
1406;-0,00230566
1407;-0,00230464
1408;-0,00230357
1409;-0,00230314
1410;-0,00230207
1411;-0,00230116
1412;-0,00230003
1413;-0,00229916
1414;-0,00229828
1415;-0,00229716
1416;-0,00229634
1417;-0,00229531
1418;-0,00229454
1419;-0,00229349
1420;-0,00229283
1421;-0,00229198
1422;-0,00229091
1423;-0,00229006
1424;-0,00228909
1425;-0,00228808
1426;-0,00228699
1427;-0,00228603
1428;-0,00228531
1429;-0,00228432
1430;-0,0022837
1431;-0,00228265
1432;-0,00228142
1433;-0,00228111
1434;-0,0022799
1435;-0,00227925
1436;-0,00227845
1437;-0,00227734
1438;-0,00227634
1439;-0,00227539
1440;-0,0022744
1441;-0,0022737
1442;-0,0022728
1443;-0,00227175
1444;-0,00227092
1445;-0,00227007
1446;-0,0022692
1447;-0,00226843
1448;-0,00226721
1449;-0,00226629
1450;-0,00226543
1451;-0,00226458
1452;-0,00226384
1453;-0,00226266
1454;-0,00226202
1455;-0,0022613
1456;-0,00226009
1457;-0,00225956
1458;-0,00225877
1459;-0,00225767
1460;-0,00225697
1461;-0,0022557
1462;-0,0022551
1463;-0,00225407
1464;-0,00225302
1465;-0,00225242
1466;-0,00225172
1467;-0,00225109
1468;-0,00224982
1469;-0,0022491
1470;-0,00224795
1471;-0,00224719
1472;-0,00224659
1473;-0,00224574
1474;-0,0022447
1475;-0,0022441
1476;-0,00224308
1477;-0,00224206
1478;-0,00224172
1479;-0,00224024
1480;-0,00223994
1481;-0,00223932
1482;-0,00223789
1483;-0,00223714
1484;-0,00223607
1485;-0,00223556
1486;-0,00223455
1487;-0,00223363
1488;-0,00223274
1489;-0,00223159
1490;-0,00223111
1491;-0,00222983
1492;-0,002229
1493;-0,00222808
1494;-0,00222779
1495;-0,00222663
1496;-0,00222513
1497;-0,00222507
1498;-0,00222364
1499;-0,00222312
1500;-0,00222259
1501;-0,00222157
1502;-0,00222088
1503;-0,00222011
1504;-0,0022194
1505;-0,00221852
1506;-0,00221799
1507;-0,0022175
1508;-0,00221683
1509;-0,00221541
1510;-0,00221486
1511;-0,00221431
1512;-0,0022133
1513;-0,00221152
1514;-0,00221085
1515;-0,00221052
1516;-0,00220974
1517;-0,00220915
1518;-0,00220799
1519;-0,0022074
1520;-0,00220672
1521;-0,00220602
1522;-0,00220506
1523;-0,00220436
1524;-0,00220354
1525;-0,00220278
1526;-0,00220227
1527;-0,00220087
1528;-0,0021998
1529;-0,00219973
1530;-0,00219883
1531;-0,00219787
1532;-0,00219734
1533;-0,00219674
1534;-0,00219577
1535;-0,00219485
1536;-0,00219433
1537;-0,00219307
1538;-0,00219241
1539;-0,00219136
1540;-0,00219018
1541;-0,00218935
1542;-0,00218839
1543;-0,00218767
1544;-0,00218681
1545;-0,00218606
1546;-0,00218547
1547;-0,00218491
1548;-0,00218398
1549;-0,00218321
1550;-0,00218214
1551;-0,00218164
1552;-0,00218061
1553;-0,00217985
1554;-0,0021791
1555;-0,00217826
1556;-0,00217754
1557;-0,00217676
1558;-0,00217588
1559;-0,00217482
1560;-0,00217399
1561;-0,00217312
1562;-0,00217216
1563;-0,00217157
1564;-0,00217064
1565;-0,00216973
1566;-0,00216921
1567;-0,00216829
1568;-0,00216692
1569;-0,00216675
1570;-0,00216535
1571;-0,0021648
1572;-0,00216378
1573;-0,00216302
1574;-0,00216246
1575;-0,00216126
1576;-0,00216074
1577;-0,00215996
1578;-0,00215901
1579;-0,00215816
1580;-0,00215749
1581;-0,00215653
1582;-0,00215559
1583;-0,00215486
1584;-0,00215406
1585;-0,00215318
1586;-0,00215287
1587;-0,00215182
1588;-0,00215109
1589;-0,00215014
1590;-0,00214948
1591;-0,00214909
1592;-0,00214835
1593;-0,00214753
1594;-0,00214618
1595;-0,00214576
1596;-0,00214489
1597;-0,00214408
1598;-0,00214339
1599;-0,00214258
1600;-0,00214183
1601;-0,0021411
1602;-0,0021404
1603;-0,00213932
1604;-0,00213828
1605;-0,00213763
1606;-0,00213664
1607;-0,0021357
1608;-0,00213495
1609;-0,00213425
1610;-0,00213349
1611;-0,0021326
1612;-0,00213201
1613;-0,00213099
1614;-0,00213061
1615;-0,00212914
1616;-0,00212859
1617;-0,00212738
1618;-0,00212718
1619;-0,00212534
1620;-0,00212479
1621;-0,00212427
1622;-0,00212327
1623;-0,00212223
1624;-0,00212145
1625;-0,00212047
1626;-0,0021197
1627;-0,00211883
1628;-0,00211809
1629;-0,00211715
1630;-0,00211685
1631;-0,00211602
1632;-0,00211523
1633;-0,00211427
1634;-0,0021136
1635;-0,00211285
1636;-0,00211205
1637;-0,00211158
1638;-0,00211049
1639;-0,00210988
1640;-0,00210897
1641;-0,00210799
1642;-0,00210725
1643;-0,00210647
1644;-0,00210586
1645;-0,00210507
1646;-0,00210421
1647;-0,00210343
1648;-0,00210287
1649;-0,00210195
1650;-0,0021011
1651;-0,00210041
1652;-0,00210005
1653;-0,00209899
1654;-0,00209815
1655;-0,002097
1656;-0,00209646
1657;-0,00209537
1658;-0,00209454
1659;-0,00209386
1660;-0,0020935
1661;-0,0020924
1662;-0,00209158
1663;-0,00209103
1664;-0,00208977
1665;-0,0020891
1666;-0,00208826
1667;-0,00208736
1668;-0,00208673
1669;-0,00208582
1670;-0,00208486
1671;-0,00208391
1672;-0,00208298
1673;-0,00208239
1674;-0,00208152
1675;-0,00208029
1676;-0,00207904
1677;-0,00207883
1678;-0,0020774
1679;-0,0020768
1680;-0,00207609
1681;-0,00207531
1682;-0,00207442
1683;-0,00207355
1684;-0,00207275
1685;-0,0020721
1686;-0,00207087
1687;-0,00207038
1688;-0,00206945
1689;-0,00206871
1690;-0,00206783
1691;-0,00206709
1692;-0,00206595
1693;-0,00206544
1694;-0,00206456
1695;-0,00206377
1696;-0,00206239
1697;-0,00206239
1698;-0,00206175
1699;-0,00206088
1700;-0,00206041
1701;-0,00205947
1702;-0,002059
1703;-0,00205793
1704;-0,0020573
1705;-0,00205655
1706;-0,00205577
1707;-0,00205473
1708;-0,00205435
1709;-0,00205368
1710;-0,0020527
1711;-0,00205202
1712;-0,00205143
1713;-0,00205035
1714;-0,00204977
1715;-0,00204877
1716;-0,00204835
1717;-0,00204752
1718;-0,00204679
1719;-0,00204618
1720;-0,00204536
1721;-0,00204445
1722;-0,00204389
1723;-0,00204297
1724;-0,00204215
1725;-0,00204154
1726;-0,00204064
1727;-0,00203982
1728;-0,00203904
1729;-0,00203859
1730;-0,00203764
1731;-0,00203687
1732;-0,00203622
1733;-0,00203538
1734;-0,00203493
1735;-0,00203384
1736;-0,00203329
1737;-0,00203267
1738;-0,00203174
1739;-0,00203116
1740;-0,00203059
1741;-0,00202973
1742;-0,00202906
1743;-0,00202813
1744;-0,00202719
1745;-0,00202676
1746;-0,00202611
1747;-0,00202516
1748;-0,00202416
1749;-0,00202353
1750;-0,00202282
1751;-0,00202166
1752;-0,00202117
1753;-0,00202036
1754;-0,00201966
1755;-0,00201883
1756;-0,00201791
1757;-0,00201735
1758;-0,00201625
1759;-0,00201534
1760;-0,00201486
1761;-0,00201389
1762;-0,00201322
1763;-0,00201256
1764;-0,00201184
1765;-0,00201034
1766;-0,0020102
1767;-0,00200935
1768;-0,00200882
1769;-0,0020083
1770;-0,00200727
1771;-0,00200661
1772;-0,00200576
1773;-0,00200498
1774;-0,00200426
1775;-0,00200365
1776;-0,00200283
1777;-0,00200216
1778;-0,00200138
1779;-0,00200056
1780;-0,00199979
1781;-0,00199918
1782;-0,00199847
1783;-0,00199769
1784;-0,00199687
1785;-0,00199625
1786;-0,00199565
1787;-0,00199497
1788;-0,00199394
1789;-0,00199337
1790;-0,00199287
1791;-0,00199197
1792;-0,00199127
1793;-0,00199065
1794;-0,0019898
1795;-0,0019892
1796;-0,0019882
1797;-0,00198747
1798;-0,00198689
1799;-0,00198598
1800;-0,00198547
1801;-0,00198462
1802;-0,0019839
1803;-0,00198316
1804;-0,00198247
1805;-0,00198138
1806;-0,00198072
1807;-0,00197977
1808;-0,00197901
1809;-0,00197854
1810;-0,00197764
1811;-0,00197677
1812;-0,0019762
1813;-0,00197533
1814;-0,00197467
1815;-0,00197414
1816;-0,001973
1817;-0,00197254
1818;-0,00197173
1819;-0,00197072
1820;-0,00197016
1821;-0,0019695
1822;-0,00196875
1823;-0,00196817
1824;-0,00196728
1825;-0,00196658
1826;-0,00196578
1827;-0,0019649
1828;-0,001964
1829;-0,00196354
1830;-0,0019629
1831;-0,00196238
1832;-0,0019617
1833;-0,00196072
1834;-0,00196016
1835;-0,00195928
1836;-0,00195842
1837;-0,00195782
1838;-0,00195704
1839;-0,00195637
1840;-0,00195564
1841;-0,00195506
1842;-0,00195443
1843;-0,0019536
1844;-0,00195233
1845;-0,00195228
1846;-0,00195131
1847;-0,00195028
1848;-0,00194984
1849;-0,0019489
1850;-0,00194804
1851;-0,0019476
1852;-0,00194656
1853;-0,00194585
1854;-0,00194548
1855;-0,00194446
1856;-0,00194392
1857;-0,00194285
1858;-0,0019421
1859;-0,00194137
1860;-0,00194065
1861;-0,00193964
1862;-0,00193934
1863;-0,00193857
1864;-0,00193782
1865;-0,00193703
1866;-0,00193653
1867;-0,00193582
1868;-0,00193508
1869;-0,00193465
1870;-0,00193353
1871;-0,0019328
1872;-0,0019323
1873;-0,00193162
1874;-0,00193071
1875;-0,00193013
1876;-0,00192938
1877;-0,00192895
1878;-0,00192806
1879;-0,00192738
1880;-0,00192676
1881;-0,00192606
1882;-0,00192539
1883;-0,00192449
1884;-0,00192368
1885;-0,00192284
1886;-0,00192282
1887;-0,00192217
1888;-0,00192124
1889;-0,00192009
1890;-0,00191976
1891;-0,00191895
1892;-0,00191813
1893;-0,00191745
1894;-0,0019168
1895;-0,00191632
1896;-0,00191524
1897;-0,00191466
1898;-0,00191407
1899;-0,00191355
1900;-0,00191248
1901;-0,00191191
1902;-0,00191139
1903;-0,00191031
1904;-0,00190962
1905;-0,00190897
1906;-0,00190814
1907;-0,00190742
1908;-0,00190655
1909;-0,00190604
1910;-0,00190533
1911;-0,00190465
1912;-0,00190397
1913;-0,00190353
1914;-0,00190281
1915;-0,00190206
1916;-0,00190145
1917;-0,00190063
1918;-0,00190007
1919;-0,00189926
1920;-0,00189855
1921;-0,00189762
1922;-0,00189724
1923;-0,00189652
1924;-0,00189584
1925;-0,00189516
1926;-0,00189439
1927;-0,00189377
1928;-0,00189288
1929;-0,00189221
1930;-0,00189188
1931;-0,00189123
1932;-0,0018904
1933;-0,00188961
1934;-0,00188882
1935;-0,00188806
1936;-0,00188748
1937;-0,00188663
1938;-0,00188618
1939;-0,00188521
1940;-0,00188458
1941;-0,00188373
1942;-0,00188304
1943;-0,00188238
1944;-0,00188174
1945;-0,00188093
1946;-0,00188041
1947;-0,00187942
1948;-0,00187872
1949;-0,00187795
1950;-0,00187701
1951;-0,00187662
1952;-0,00187592
1953;-0,00187499
1954;-0,00187459
1955;-0,00187378
1956;-0,00187336
1957;-0,00187252
1958;-0,00187173
1959;-0,00187092
1960;-0,00187061
1961;-0,00186979
1962;-0,0018689
1963;-0,00186817
1964;-0,00186724
1965;-0,0018668
1966;-0,00186619
1967;-0,00186552
1968;-0,00186487
1969;-0,0018641
1970;-0,00186323
1971;-0,00186263
1972;-0,00186223
1973;-0,00186102
1974;-0,00186051
1975;-0,00185965
1976;-0,00185931
1977;-0,00185835
1978;-0,00185758
1979;-0,00185689
1980;-0,00185608
1981;-0,00185561
1982;-0,00185452
1983;-0,00185389
1984;-0,00185315
1985;-0,00185259
1986;-0,00185215
1987;-0,00185128
1988;-0,00185071
1989;-0,0018498
1990;-0,00184952
1991;-0,00184885
1992;-0,00184798
1993;-0,00184743
1994;-0,00184666
1995;-0,0018454
1996;-0,0018451
1997;-0,00184404
1998;-0,00184348
1999;-0,00184283
2000;-0,0018422
2001;-0,00184157
2002;-0,00184101
2003;-0,00184037
2004;-0,00183947
2005;-0,00183877
2006;-0,00183815
2007;-0,00183763
2008;-0,00183691
2009;-0,00183615
2010;-0,0018357
2011;-0,00183462
2012;-0,00183438
2013;-0,00183329
2014;-0,00183271
2015;-0,0018322
2016;-0,00183139
2017;-0,00183059
2018;-0,00182996
2019;-0,00182909
2020;-0,00182864
2021;-0,00182786
2022;-0,00182713
2023;-0,00182654
2024;-0,00182565
2025;-0,00182513
2026;-0,00182448
2027;-0,00182372
2028;-0,00182295
2029;-0,00182234
2030;-0,00182202
2031;-0,00182094
2032;-0,0018205
2033;-0,0018197
2034;-0,00181903
2035;-0,00181842
2036;-0,00181767
2037;-0,00181707
2038;-0,00181622
2039;-0,00181548
2040;-0,00181481
2041;-0,00181424
2042;-0,00181362
2043;-0,00181304
2044;-0,00181232
2045;-0,0018112
2046;-0,00181078
2047;-0,00181007
2048;-0,00180937
2049;-0,00180891
2050;-0,00180821
2051;-0,00180743
2052;-0,00180688
2053;-0,00180628
2054;-0,0018055
2055;-0,00180482
2056;-0,00180401
2057;-0,0018036
2058;-0,00180278
2059;-0,00180204
2060;-0,00180139
2061;-0,00180076
2062;-0,00180025
2063;-0,00179961
2064;-0,00179913
2065;-0,00179811
2066;-0,00179778
2067;-0,00179705
2068;-0,0017964
2069;-0,0017955
2070;-0,00179538
2071;-0,00179454
2072;-0,00179382
2073;-0,00179284
2074;-0,00179263
2075;-0,00179138
2076;-0,00179131
2077;-0,00179051
2078;-0,00178979
2079;-0,00178926
2080;-0,00178856
2081;-0,00178802
2082;-0,0017873
2083;-0,00178667
2084;-0,00178625
2085;-0,0017855
2086;-0,00178533
2087;-0,00178453
2088;-0,00178372
2089;-0,00178283
2090;-0,00178249
2091;-0,00178203
2092;-0,00178131
2093;-0,00178061
2094;-0,00177992
2095;-0,00177927
2096;-0,00177854
2097;-0,00177789
2098;-0,00177707
2099;-0,0017766
2100;-0,00177593
2101;-0,00177533
2102;-0,00177437
2103;-0,00177399
2104;-0,0017732
2105;-0,00177262
2106;-0,00177172
2107;-0,00177111
2108;-0,00177077
2109;-0,00177022
2110;-0,00176952
2111;-0,00176904
2112;-0,0017683
2113;-0,0017677
2114;-0,00176691
2115;-0,00176607
2116;-0,00176564
2117;-0,00176482
2118;-0,00176414
2119;-0,00176365
2120;-0,00176298
2121;-0,00176248
2122;-0,00176173
2123;-0,00176099
2124;-0,00176057
2125;-0,00175954
2126;-0,00175892
2127;-0,00175815
2128;-0,00175754
2129;-0,00175679
2130;-0,00175613
2131;-0,00175572
2132;-0,00175493
2133;-0,00175435
2134;-0,00175364
2135;-0,00175303
2136;-0,00175219
2137;-0,00175174
2138;-0,00175118
2139;-0,00175054
2140;-0,00175002
2141;-0,00174936
2142;-0,00174892
2143;-0,00174809
2144;-0,00174749
2145;-0,00174679
2146;-0,00174621
2147;-0,0017456
2148;-0,00174485
2149;-0,00174427
2150;-0,00174352
2151;-0,00174312
2152;-0,00174207
2153;-0,00174176
2154;-0,00174117
2155;-0,00174048
2156;-0,00173992
2157;-0,00173938
2158;-0,0017387
2159;-0,00173797
2160;-0,00173748
2161;-0,00173716
2162;-0,00173653
2163;-0,00173607
2164;-0,00173511
2165;-0,00173432
2166;-0,00173381
2167;-0,00173312
2168;-0,00173248
2169;-0,00173195
2170;-0,00173115
2171;-0,00173032
2172;-0,00172974
2173;-0,00172914
2174;-0,00172845
2175;-0,00172785
2176;-0,00172714
2177;-0,0017261
2178;-0,00172594
2179;-0,00172506
2180;-0,00172434
2181;-0,0017238
2182;-0,00172331
2183;-0,0017225
2184;-0,0017218
2185;-0,00172146
2186;-0,00172087
2187;-0,00172
2188;-0,00171918
2189;-0,00171868
2190;-0,00171798
2191;-0,0017171
2192;-0,00171672
2193;-0,0017159
2194;-0,0017158
2195;-0,00171453
2196;-0,00171428
2197;-0,00171352
2198;-0,00171278
2199;-0,0017122
2200;-0,00171135
2201;-0,00171074
2202;-0,00171035
2203;-0,00170963
2204;-0,00170911
2205;-0,00170845
2206;-0,00170821
2207;-0,00170734
2208;-0,00170646
2209;-0,00170624
2210;-0,00170568
2211;-0,00170473
2212;-0,00170392
2213;-0,0017036
2214;-0,0017029
2215;-0,0017025
2216;-0,00170204
2217;-0,00170135
2218;-0,00170052
2219;-0,00170012
2220;-0,00169969
2221;-0,00169888
2222;-0,00169835
2223;-0,00169758
2224;-0,00169692
2225;-0,00169655
2226;-0,00169602
2227;-0,00169503
2228;-0,00169473
2229;-0,00169407
2230;-0,00169363
2231;-0,00169285
2232;-0,00169221
2233;-0,00169193
2234;-0,0016912
2235;-0,0016909
2236;-0,0016905
2237;-0,00168963
2238;-0,00168877
2239;-0,00168815
2240;-0,00168759
2241;-0,00168703
2242;-0,00168619
2243;-0,00168549
2244;-0,00168528
2245;-0,00168486
2246;-0,00168379
2247;-0,00168366
2248;-0,00168268
2249;-0,00168203
2250;-0,00168174
2251;-0,0016812
2252;-0,00168051
2253;-0,00167973
2254;-0,00167904
2255;-0,00167829
2256;-0,00167802
2257;-0,00167721
2258;-0,00167694
2259;-0,00167638
2260;-0,00167545
2261;-0,00167516
2262;-0,0016745
2263;-0,00167407
2264;-0,00167344
2265;-0,00167256
2266;-0,00167198
2267;-0,00167115
2268;-0,00167093
2269;-0,00167036
2270;-0,00166985
2271;-0,00166902
2272;-0,00166837
2273;-0,00166741
2274;-0,00166716
2275;-0,00166654
2276;-0,00166563
2277;-0,00166507
2278;-0,0016645
2279;-0,00166407
2280;-0,00166347
2281;-0,00166271
2282;-0,00166229
2283;-0,00166161
2284;-0,00166086
2285;-0,00166049
2286;-0,00165973
2287;-0,00165928
2288;-0,00165874
2289;-0,00165786
2290;-0,0016573
2291;-0,00165682
2292;-0,0016561
2293;-0,00165574
2294;-0,00165524
2295;-0,00165445
2296;-0,00165386
2297;-0,00165319
2298;-0,00165288
2299;-0,00165218
2300;-0,00165161
2301;-0,00165117
2302;-0,00165041
2303;-0,00164994
2304;-0,00164929
2305;-0,00164858
2306;-0,00164801
2307;-0,00164777
2308;-0,00164688
2309;-0,00164644
2310;-0,00164544
2311;-0,00164503
2312;-0,00164415
2313;-0,00164384
2314;-0,00164365
2315;-0,00164261
2316;-0,00164204
2317;-0,00164138
2318;-0,00164054
2319;-0,00164023
2320;-0,00163937
2321;-0,00163879
2322;-0,00163858
2323;-0,00163784
2324;-0,00163712
2325;-0,00163667
2326;-0,001636
2327;-0,00163548
2328;-0,00163479
2329;-0,00163442
2330;-0,00163386
2331;-0,00163364
2332;-0,00163271
2333;-0,00163228
2334;-0,00163152
2335;-0,00163101
2336;-0,0016304
2337;-0,00162986
2338;-0,00162938
2339;-0,00162883
2340;-0,00162826
2341;-0,00162775
2342;-0,00162689
2343;-0,00162647
2344;-0,00162564
2345;-0,00162499
2346;-0,00162435
2347;-0,00162402
2348;-0,00162334
2349;-0,00162262
2350;-0,00162194
2351;-0,00162148
2352;-0,00162055
2353;-0,00162018
2354;-0,00161962
2355;-0,00161901
2356;-0,0016185
2357;-0,00161775
2358;-0,00161783
2359;-0,00161687
2360;-0,001616
2361;-0,0016155
2362;-0,00161511
2363;-0,00161426
2364;-0,00161367
2365;-0,00161333
2366;-0,00161294
2367;-0,00161228
2368;-0,00161147
2369;-0,00161096
2370;-0,00161052
2371;-0,00160996
2372;-0,00160951
2373;-0,00160834
2374;-0,00160804
2375;-0,00160751
2376;-0,00160705
2377;-0,00160653
2378;-0,00160585
2379;-0,00160566
2380;-0,00160493
2381;-0,00160432
2382;-0,00160361
2383;-0,00160303
2384;-0,00160241
2385;-0,00160197
2386;-0,00160175
2387;-0,0016008
2388;-0,00160033
2389;-0,00159974
2390;-0,00159863
2391;-0,00159847
2392;-0,00159801
2393;-0,00159754
2394;-0,00159717
2395;-0,00159618
2396;-0,00159566
2397;-0,00159503
2398;-0,00159437
2399;-0,00159392
2400;-0,00159317
2401;-0,00159257
2402;-0,00159212
2403;-0,00159134
2404;-0,00159061
2405;-0,00158999
2406;-0,00158962
2407;-0,00158906
2408;-0,00158834
2409;-0,00158786
2410;-0,00158734
2411;-0,00158684
2412;-0,00158625
2413;-0,00158578
2414;-0,00158505
2415;-0,00158448
2416;-0,00158403
2417;-0,00158341
2418;-0,00158291
2419;-0,00158233
2420;-0,00158177
2421;-0,00158114
2422;-0,00158071
2423;-0,00158008
2424;-0,00157956
2425;-0,00157873
2426;-0,00157835
2427;-0,00157757
2428;-0,00157721
2429;-0,0015767
2430;-0,00157614
2431;-0,00157571
2432;-0,00157501
2433;-0,00157473
2434;-0,00157395
2435;-0,00157354
2436;-0,00157335
2437;-0,00157271
2438;-0,00157216
2439;-0,00157143
2440;-0,0015711
2441;-0,00157081
2442;-0,00156998
2443;-0,00156953
2444;-0,00156879
2445;-0,00156837
2446;-0,00156817
2447;-0,00156729
2448;-0,00156647
2449;-0,00156612
2450;-0,00156572
2451;-0,00156536
2452;-0,00156466
2453;-0,00156384
2454;-0,00156349
2455;-0,00156297
2456;-0,00156234
2457;-0,00156189
2458;-0,0015611
2459;-0,00156068
2460;-0,00156003
2461;-0,00155932
2462;-0,00155903
2463;-0,00155857
2464;-0,00155826
2465;-0,00155753
2466;-0,00155677
2467;-0,00155635
2468;-0,00155579
2469;-0,00155511
2470;-0,00155476
2471;-0,00155401
2472;-0,0015536
2473;-0,00155317
2474;-0,00155263
2475;-0,00155222
2476;-0,00155152
2477;-0,0015511
2478;-0,00155027
2479;-0,00154988
2480;-0,00154942
2481;-0,00154882
2482;-0,00154829
2483;-0,0015476
2484;-0,00154708
2485;-0,00154668
2486;-0,00154609
2487;-0,00154546
2488;-0,001545
2489;-0,00154433
2490;-0,00154353
2491;-0,00154293
2492;-0,0015425
2493;-0,00154205
2494;-0,00154131
2495;-0,00154099
2496;-0,00154022
2497;-0,00153988
2498;-0,00153933
2499;-0,00153854
2500;-0,00153824
2501;-0,00153804
2502;-0,00153723
2503;-0,00153706
2504;-0,00153629
2505;-0,00153572
2506;-0,00153528
2507;-0,00153466
2508;-0,00153409
2509;-0,00153363
2510;-0,00153307
2511;-0,00153266
2512;-0,00153213
2513;-0,00153118
2514;-0,0015306
2515;-0,00153035
2516;-0,00152971
2517;-0,00152906
2518;-0,00152857
2519;-0,00152806
2520;-0,00152754
2521;-0,00152679
2522;-0,0015264
2523;-0,00152601
2524;-0,00152525
2525;-0,00152488
2526;-0,00152439
2527;-0,00152369
2528;-0,0015235
2529;-0,00152257
2530;-0,00152228
2531;-0,00152146
2532;-0,00152105
2533;-0,00152048
2534;-0,0015204
2535;-0,00151937
2536;-0,00151905
2537;-0,00151822
2538;-0,00151755
2539;-0,00151747
2540;-0,00151684
2541;-0,00151623
2542;-0,00151567
2543;-0,00151489
2544;-0,00151428
2545;-0,0015137
2546;-0,0015131
2547;-0,00151263
2548;-0,00151169
2549;-0,00151096
2550;-0,00151022
2551;-0,00150966
2552;-0,00150925
2553;-0,00150851
2554;-0,00150808
2555;-0,00150746
2556;-0,00150685
2557;-0,00150636
2558;-0,00150576
2559;-0,00150526
2560;-0,00150446
2561;-0,00150436
2562;-0,00150356
2563;-0,00150298
2564;-0,00150286
2565;-0,00150238
2566;-0,00150191
2567;-0,00150123
2568;-0,00150078
2569;-0,0015001
2570;-0,00149991
2571;-0,00149936
2572;-0,00149888
2573;-0,0014983
2574;-0,00149815
2575;-0,00149727
2576;-0,00149652
2577;-0,00149611
2578;-0,0014957
2579;-0,00149523
2580;-0,00149468
2581;-0,00149414
2582;-0,00149352
2583;-0,00149315
2584;-0,00149263
2585;-0,00149232
2586;-0,00149158
2587;-0,00149087
2588;-0,00149044
2589;-0,00148991
2590;-0,0014895
2591;-0,00148916
2592;-0,00148877
2593;-0,00148825
2594;-0,00148767
2595;-0,00148745
2596;-0,0014869
2597;-0,00148661
2598;-0,00148573
2599;-0,00148503
2600;-0,00148456
2601;-0,00148381
2602;-0,00148344
2603;-0,00148304
2604;-0,00148254
2605;-0,00148193
2606;-0,0014815
2607;-0,00148108
2608;-0,00148034
2609;-0,00147986
2610;-0,00147926
2611;-0,00147884
2612;-0,0014786
2613;-0,00147796
2614;-0,00147734
2615;-0,00147675
2616;-0,00147613
2617;-0,00147556
2618;-0,00147478
2619;-0,00147451
2620;-0,0014741
2621;-0,00147355
2622;-0,00147294
2623;-0,00147271
2624;-0,00147197
2625;-0,00147133
2626;-0,00147081
2627;-0,00147043
2628;-0,00146978
2629;-0,00146946
2630;-0,00146902
2631;-0,00146843
2632;-0,00146805
2633;-0,00146727
2634;-0,00146688
2635;-0,00146637
2636;-0,00146571
2637;-0,00146536
2638;-0,00146479
2639;-0,00146423
2640;-0,00146384
2641;-0,00146334
2642;-0,00146287
2643;-0,00146219
2644;-0,00146183
2645;-0,00146147
2646;-0,00146099
2647;-0,00146017
2648;-0,00145959
2649;-0,00145932
2650;-0,00145903
2651;-0,00145827
2652;-0,00145802
2653;-0,00145752
2654;-0,00145691
2655;-0,0014564
2656;-0,00145565
2657;-0,00145532
2658;-0,00145488
2659;-0,00145416
2660;-0,00145372
2661;-0,00145328
2662;-0,00145296
2663;-0,00145229
2664;-0,00145146
2665;-0,00145091
2666;-0,00145091
2667;-0,00145025
2668;-0,00144983
2669;-0,00144931
2670;-0,00144891
2671;-0,00144845
2672;-0,0014479
2673;-0,00144754
2674;-0,00144695
2675;-0,00144625
2676;-0,0014459
2677;-0,00144545
2678;-0,00144506
2679;-0,00144441
2680;-0,00144372
2681;-0,00144335
2682;-0,00144284
2683;-0,00144212
2684;-0,00144185
2685;-0,00144139
2686;-0,001441
2687;-0,00144032
2688;-0,00143987
2689;-0,00143957
2690;-0,00143896
2691;-0,00143848
2692;-0,00143792
2693;-0,00143749
2694;-0,00143668
2695;-0,00143658
2696;-0,00143599
2697;-0,0014353
2698;-0,00143492
2699;-0,00143425
2700;-0,00143364
2701;-0,00143324
2702;-0,00143279
2703;-0,0014321
2704;-0,00143173
2705;-0,0014309
2706;-0,00143077
2707;-0,00143024
2708;-0,00142955
2709;-0,00142911
2710;-0,00142864
2711;-0,00142831
2712;-0,00142771
2713;-0,00142718
2714;-0,00142672
2715;-0,00142564
2716;-0,00142501
2717;-0,00142473
2718;-0,00142398
2719;-0,00142371
2720;-0,00142317
2721;-0,00142281
2722;-0,00142201
2723;-0,00142173
2724;-0,00142129
2725;-0,00142084
2726;-0,00142014
2727;-0,00141967
2728;-0,0014192
2729;-0,00141882
2730;-0,00141811
2731;-0,00141804
2732;-0,00141747
2733;-0,00141688
2734;-0,00141628
2735;-0,00141552
2736;-0,00141518
2737;-0,0014146
2738;-0,00141426
2739;-0,00141399
2740;-0,00141335
2741;-0,00141282
2742;-0,00141254
2743;-0,00141181
2744;-0,0014112
2745;-0,00141054
2746;-0,00141039
2747;-0,00140994
2748;-0,00140953
2749;-0,00140892
2750;-0,00140829
2751;-0,00140772
2752;-0,00140738
2753;-0,00140698
2754;-0,00140665
2755;-0,00140597
2756;-0,00140527
2757;-0,00140481
2758;-0,00140441
2759;-0,00140403
2760;-0,00140358
2761;-0,00140293
2762;-0,00140245
2763;-0,00140185
2764;-0,00140153
2765;-0,00140105
2766;-0,00140051
2767;-0,0014
2768;-0,00139948
2769;-0,00139898
2770;-0,0013986
2771;-0,00139801
2772;-0,00139799
2773;-0,00139703
2774;-0,00139669
2775;-0,0013966
2776;-0,00139591
2777;-0,00139542
2778;-0,00139483
2779;-0,00139426
2780;-0,00139399
2781;-0,00139356
2782;-0,00139291
2783;-0,00139211
2784;-0,00139179
2785;-0,00139149
2786;-0,00139094
2787;-0,00139043
2788;-0,00139002
2789;-0,00138942
2790;-0,00138901
2791;-0,00138864
2792;-0,00138802
2793;-0,00138773
2794;-0,00138731
2795;-0,00138667
2796;-0,00138635
2797;-0,00138587
2798;-0,00138545
2799;-0,00138496
2800;-0,00138438
2801;-0,00138402
2802;-0,00138378
2803;-0,00138324
2804;-0,00138249
2805;-0,0013823
2806;-0,00138173
2807;-0,00138139
2808;-0,00138103
2809;-0,00138024
2810;-0,00138005
2811;-0,00137936
2812;-0,00137924
2813;-0,00137873
2814;-0,00137813
2815;-0,00137732
2816;-0,00137728
2817;-0,00137667
2818;-0,00137638
2819;-0,00137599
2820;-0,0013753
2821;-0,00137482
2822;-0,00137447
2823;-0,00137392
2824;-0,00137324
2825;-0,00137304
2826;-0,0013725
2827;-0,00137189
2828;-0,00137157
2829;-0,00137115
2830;-0,00137053
2831;-0,00137022
2832;-0,00136989
2833;-0,00136936
2834;-0,0013687
2835;-0,00136834
2836;-0,00136767
2837;-0,00136758
2838;-0,001367
2839;-0,00136676
2840;-0,00136578
2841;-0,00136548
2842;-0,00136501
2843;-0,00136483
2844;-0,00136418
2845;-0,00136382
2846;-0,00136334
2847;-0,00136258
2848;-0,00136213
2849;-0,00136143
2850;-0,00136137
2851;-0,00136074
2852;-0,00136007
2853;-0,00136001
2854;-0,00135945
2855;-0,0013587
2856;-0,0013586
2857;-0,00135776
2858;-0,00135761
2859;-0,00135707
2860;-0,00135634
2861;-0,00135604
2862;-0,00135575
2863;-0,00135474
2864;-0,00135451
2865;-0,00135421
2866;-0,00135332
2867;-0,00135252
2868;-0,00135262
2869;-0,00135205
2870;-0,00135157
2871;-0,00135128
2872;-0,00135084
2873;-0,0013504
2874;-0,00134989
2875;-0,00134933
2876;-0,00134897
2877;-0,00134851
2878;-0,00134796
2879;-0,001347
2880;-0,00134678
2881;-0,00134628
2882;-0,00134585
2883;-0,00134546
2884;-0,0013449
2885;-0,00134439
2886;-0,00134398
2887;-0,00134337
2888;-0,00134282
2889;-0,00134209
2890;-0,00134184
2891;-0,00134144
2892;-0,0013411
2893;-0,00134011
2894;-0,00133961
2895;-0,00133958
2896;-0,00133894
2897;-0,00133832
2898;-0,00133787
2899;-0,00133746
2900;-0,00133688
2901;-0,00133654
2902;-0,00133575
2903;-0,00133538
2904;-0,00133479
2905;-0,00133446
2906;-0,00133373
2907;-0,00133361
2908;-0,00133307
2909;-0,00133234
2910;-0,00133218
2911;-0,00133121
2912;-0,0013309
2913;-0,00133065
2914;-0,00133006
2915;-0,00132973
2916;-0,00132906
2917;-0,00132849
2918;-0,00132806
2919;-0,00132777
2920;-0,00132699
2921;-0,00132679
2922;-0,00132628
2923;-0,00132599
2924;-0,00132538
2925;-0,00132476
2926;-0,00132432
2927;-0,00132387
2928;-0,00132352
2929;-0,00132287
2930;-0,00132252
2931;-0,00132191
2932;-0,0013213
2933;-0,00132089
2934;-0,00132044
2935;-0,00132006
2936;-0,00131972
2937;-0,00131903
2938;-0,00131863
2939;-0,00131812
2940;-0,00131754
2941;-0,00131695
2942;-0,00131662
2943;-0,00131604
2944;-0,0013157
2945;-0,00131528
2946;-0,00131463
2947;-0,00131441
2948;-0,00131375
2949;-0,00131343
2950;-0,00131293
2951;-0,00131262
2952;-0,0013121
2953;-0,00131172
2954;-0,00131115
2955;-0,00131069
2956;-0,00131032
2957;-0,00131002
2958;-0,00130942
2959;-0,0013088
2960;-0,00130856
2961;-0,0013082
2962;-0,00130772
2963;-0,00130717
2964;-0,00130699
2965;-0,00130623
2966;-0,00130564
2967;-0,00130523
2968;-0,00130465
2969;-0,00130471
2970;-0,00130406
2971;-0,00130378
2972;-0,00130344
2973;-0,00130296
2974;-0,00130239
2975;-0,001302
2976;-0,00130167
2977;-0,00130104
2978;-0,00130067
2979;-0,0013001
2980;-0,00129965
2981;-0,00129918
2982;-0,00129877
2983;-0,00129815
2984;-0,00129798
2985;-0,00129732
2986;-0,00129697
2987;-0,00129616
2988;-0,0012959
2989;-0,00129561
2990;-0,00129521
2991;-0,0012948
2992;-0,00129389
2993;-0,00129381
2994;-0,00129342
2995;-0,00129306
2996;-0,00129258
2997;-0,00129209
2998;-0,00129123
2999;-0,00129116
3000;-0,00129086
3001;-0,00129027
3002;-0,00128949
3003;-0,00128944
3004;-0,00128878
3005;-0,00128811
3006;-0,00128806
3007;-0,00128745
3008;-0,00128721
3009;-0,00128679
3010;-0,00128625
3011;-0,00128569
3012;-0,00128522
3013;-0,00128471
3014;-0,00128466
3015;-0,00128416
3016;-0,00128344
3017;-0,00128294
3018;-0,00128251
3019;-0,00128188
3020;-0,00128165
3021;-0,0012811
3022;-0,00128065
3023;-0,00128038
3024;-0,0012797
3025;-0,00127925
3026;-0,00127892
3027;-0,00127802
3028;-0,00127777
3029;-0,00127741
3030;-0,0012769
3031;-0,00127646
3032;-0,00127604
3033;-0,00127559
3034;-0,00127499
3035;-0,00127464
3036;-0,00127424
3037;-0,00127365
3038;-0,00127336
3039;-0,00127298
3040;-0,0012725
3041;-0,00127184
3042;-0,00127138
3043;-0,00127111
3044;-0,0012706
3045;-0,00127006
3046;-0,00126961
3047;-0,00126917
3048;-0,00126846
3049;-0,00126839
3050;-0,0012675
3051;-0,00126757
3052;-0,00126693
3053;-0,00126647
3054;-0,00126594
3055;-0,00126564
3056;-0,00126489
3057;-0,00126477
3058;-0,00126427
3059;-0,00126368
3060;-0,00126313
3061;-0,0012627
3062;-0,00126279
3063;-0,00126192
3064;-0,00126161
3065;-0,00126104
3066;-0,00126051
3067;-0,00126026
3068;-0,00125955
3069;-0,00125939
3070;-0,0012588
3071;-0,00125833
3072;-0,00125775
3073;-0,00125751
3074;-0,00125709
3075;-0,0012566
3076;-0,001256
3077;-0,00125558
3078;-0,00125521
3079;-0,00125464
3080;-0,00125411
3081;-0,00125386
3082;-0,00125307
3083;-0,00125323
3084;-0,00125224
3085;-0,00125133
3086;-0,00125153
3087;-0,00125075
3088;-0,00125065
3089;-0,00125004
3090;-0,00124962
3091;-0,00124912
3092;-0,00124873
3093;-0,00124837
3094;-0,00124794
3095;-0,00124747
3096;-0,00124722
3097;-0,00124658
3098;-0,00124592
3099;-0,00124541
3100;-0,0012451
3101;-0,00124482
3102;-0,00124418
3103;-0,00124377
3104;-0,00124318
3105;-0,00124305
3106;-0,00124267
3107;-0,0012421
3108;-0,00124183
3109;-0,00124128
3110;-0,00124071
3111;-0,00124045
3112;-0,00124017
3113;-0,00123972
3114;-0,00123911
3115;-0,00123879
3116;-0,00123835
3117;-0,00123785
3118;-0,00123769
3119;-0,00123684
3120;-0,00123651
3121;-0,00123608
3122;-0,00123559
3123;-0,00123525
3124;-0,00123499
3125;-0,00123418
3126;-0,00123384
3127;-0,00123337
3128;-0,00123301
3129;-0,00123263
3130;-0,00123242
3131;-0,00123227
3132;-0,00123147
3133;-0,00123024
3134;-0,00123046
3135;-0,00123001
3136;-0,00122974
3137;-0,00122902
3138;-0,0012287
3139;-0,00122838
3140;-0,001228
3141;-0,00122764
3142;-0,0012273
3143;-0,0012268
3144;-0,00122619
3145;-0,00122583
3146;-0,00122529
3147;-0,00122507
3148;-0,00122458
3149;-0,00122436
3150;-0,00122391
3151;-0,0012233
3152;-0,00122294
3153;-0,00122265
3154;-0,00122195
3155;-0,00122161
3156;-0,00122123
3157;-0,00122063
3158;-0,00122036
3159;-0,00121989
3160;-0,00121987
3161;-0,001219
3162;-0,00121904
3163;-0,00121816
3164;-0,00121789
3165;-0,00121752
3166;-0,0012173
3167;-0,00121665
3168;-0,00121626
3169;-0,00121586
3170;-0,00121552
3171;-0,00121512
3172;-0,0012146
3173;-0,00121443
3174;-0,00121385
3175;-0,00121352
3176;-0,00121317
3177;-0,00121254
3178;-0,00121217
3179;-0,00121159
3180;-0,00121128
3181;-0,00121105
3182;-0,00121051
3183;-0,00121026
3184;-0,00120968
3185;-0,00120924
3186;-0,00120896
3187;-0,00120849
3188;-0,00120808
3189;-0,00120786
3190;-0,00120732
3191;-0,00120703
3192;-0,00120636
3193;-0,0012064
3194;-0,00120548
3195;-0,0012052
3196;-0,00120487
3197;-0,00120446
3198;-0,00120402
3199;-0,0012034
3200;-0,00120324
3201;-0,00120283
3202;-0,00120215
3203;-0,00120159
3204;-0,00120139
3205;-0,00120094
3206;-0,00120066
3207;-0,00120006
3208;-0,00119975
3209;-0,00119929
3210;-0,00119881
3211;-0,00119822
3212;-0,00119829
3213;-0,0011978
3214;-0,00119716
3215;-0,00119694
3216;-0,00119658
3217;-0,00119592
3218;-0,0011955
3219;-0,00119504
3220;-0,00119486
3221;-0,00119441
3222;-0,00119406
3223;-0,00119324
3224;-0,00119314
3225;-0,0011928
3226;-0,00119248
3227;-0,00119215
3228;-0,0011916
3229;-0,00119132
3230;-0,00119074
3231;-0,00119035
3232;-0,00119002
3233;-0,00118977
3234;-0,00118934
3235;-0,00118902
3236;-0,00118864
3237;-0,00118828
3238;-0,00118775
3239;-0,00118765
3240;-0,00118726
3241;-0,00118672
3242;-0,00118639
3243;-0,00118612
3244;-0,00118552
3245;-0,0011851
3246;-0,00118493
3247;-0,00118455
3248;-0,00118396
3249;-0,00118366
3250;-0,00118317
3251;-0,00118294
3252;-0,00118263
3253;-0,00118217
3254;-0,0011819
3255;-0,00118171
3256;-0,00118117
3257;-0,00118089
3258;-0,00118067
3259;-0,00118017
3260;-0,00117975
3261;-0,00117947
3262;-0,00117864
3263;-0,00117865
3264;-0,00117821
3265;-0,00117789
3266;-0,00117724
3267;-0,00117702
3268;-0,0011764
3269;-0,00117629
3270;-0,00117598
3271;-0,00117553
3272;-0,00117514
3273;-0,00117474
3274;-0,00117433
3275;-0,00117416
3276;-0,00117347
3277;-0,00117325
3278;-0,00117315
3279;-0,00117289
3280;-0,00117198
3281;-0,00117161
3282;-0,00117136
3283;-0,00117096
3284;-0,00117058
3285;-0,00116997
3286;-0,00116984
3287;-0,00116927
3288;-0,00116898
3289;-0,00116872
3290;-0,00116813
3291;-0,00116783
3292;-0,00116736
3293;-0,00116705
3294;-0,00116657
3295;-0,00116634
3296;-0,00116597
3297;-0,00116516
3298;-0,00116489
3299;-0,00116487
3300;-0,00116471
3301;-0,00116398
3302;-0,00116355
3303;-0,00116351
3304;-0,00116285
3305;-0,00116259
3306;-0,00116207
3307;-0,00116187
3308;-0,00116113
3309;-0,0011607
3310;-0,00116023
3311;-0,00115996
3312;-0,0011595
3313;-0,00115931
3314;-0,00115899
3315;-0,0011584
3316;-0,00115813
3317;-0,00115776
3318;-0,00115751
3319;-0,00115728
3320;-0,00115645
3321;-0,00115633
3322;-0,00115583
3323;-0,00115524
3324;-0,00115509
3325;-0,00115449
3326;-0,00115402
3327;-0,001154
3328;-0,00115348
3329;-0,00115322
3330;-0,00115295
3331;-0,00115245
3332;-0,0011523
3333;-0,00115148
3334;-0,00115157
3335;-0,00115105
3336;-0,00115047
3337;-0,00115043
3338;-0,00115
3339;-0,00114984
3340;-0,00114969
3341;-0,00114909
3342;-0,00114866
3343;-0,00114859
3344;-0,00114798
3345;-0,00114769
3346;-0,00114733
3347;-0,0011471
3348;-0,00114672
3349;-0,00114619
3350;-0,00114592
3351;-0,00114562
3352;-0,00114526
3353;-0,00114486
3354;-0,00114453
3355;-0,00114425
3356;-0,00114392
3357;-0,00114321
3358;-0,00114303
3359;-0,00114272
3360;-0,00114228
3361;-0,0011421
3362;-0,00114163
3363;-0,00114124
3364;-0,00114075
3365;-0,00114013
3366;-0,0011399
3367;-0,00113983
3368;-0,00113969
3369;-0,0011391
3370;-0,00113821
3371;-0,00113819
3372;-0,00113788
3373;-0,00113747
3374;-0,00113708
3375;-0,00113656
3376;-0,00113609
3377;-0,0011358
3378;-0,00113561
3379;-0,00113524
3380;-0,00113468
3381;-0,00113426
3382;-0,00113419
3383;-0,00113356
3384;-0,00113344
3385;-0,00113288
3386;-0,00113254
3387;-0,00113217
3388;-0,00113238
3389;-0,00113171
3390;-0,00113136
3391;-0,00113097
3392;-0,00113024
3393;-0,00113006
3394;-0,00112976
3395;-0,00112946
3396;-0,00112914
3397;-0,0011289
3398;-0,0011285
3399;-0,00112792
3400;-0,00112751
3401;-0,0011271
3402;-0,00112668
3403;-0,00112644
3404;-0,00112597
3405;-0,00112556
3406;-0,00112518
3407;-0,00112511
3408;-0,00112478
3409;-0,00112473
3410;-0,00112406
3411;-0,00112368
3412;-0,00112336
3413;-0,00112292
3414;-0,00112276
3415;-0,00112264
3416;-0,00112198
3417;-0,00112148
3418;-0,00112134
3419;-0,001121
3420;-0,00112049
3421;-0,00112023
3422;-0,00111953
3423;-0,00111928
3424;-0,00111907
3425;-0,00111892
3426;-0,00111843
3427;-0,00111822
3428;-0,00111784
3429;-0,00111771
3430;-0,00111719
3431;-0,00111682
3432;-0,00111661
3433;-0,00111597
3434;-0,00111548
3435;-0,00111524
3436;-0,00111497
3437;-0,00111471
3438;-0,00111433
3439;-0,00111413
3440;-0,00111346
3441;-0,00111325
3442;-0,00111309
3443;-0,00111282
3444;-0,00111236
3445;-0,00111175
3446;-0,00111158
3447;-0,00111143
3448;-0,00111124
3449;-0,00111075
3450;-0,00111024
3451;-0,00110979
3452;-0,00110936
3453;-0,00110931
3454;-0,0011088
3455;-0,00110862
3456;-0,00110829
3457;-0,00110802
3458;-0,0011077
3459;-0,00110744
3460;-0,00110689
3461;-0,0011067
3462;-0,00110645
3463;-0,00110602
3464;-0,00110571
3465;-0,0011056
3466;-0,00110535
3467;-0,00110464
3468;-0,00110428
3469;-0,00110397
3470;-0,00110343
3471;-0,00110337
3472;-0,00110315
3473;-0,00110256
3474;-0,0011022
3475;-0,00110173
3476;-0,00110124
3477;-0,00110101
3478;-0,00110043
3479;-0,00110018
3480;-0,00109968
3481;-0,00109935
3482;-0,00109884
3483;-0,00109859
3484;-0,00109835
3485;-0,00109804
3486;-0,00109779
3487;-0,00109711
3488;-0,0010968
3489;-0,00109643
3490;-0,00109602
3491;-0,0010958
3492;-0,00109559
3493;-0,00109497
3494;-0,00109472
3495;-0,00109451
3496;-0,00109441
3497;-0,00109374
3498;-0,00109347
3499;-0,00109322
3500;-0,00109269
3501;-0,00109259
3502;-0,00109225
3503;-0,0010921
3504;-0,00109121
3505;-0,00109128
3506;-0,00109114
3507;-0,00109069
3508;-0,00109061
3509;-0,00108965
3510;-0,00108951
3511;-0,00108924
3512;-0,00108893
3513;-0,00108881
3514;-0,00108804
3515;-0,00108794
3516;-0,00108774
3517;-0,0010873
3518;-0,00108669
3519;-0,00108635
3520;-0,00108613
3521;-0,00108601
3522;-0,00108552
3523;-0,00108536
3524;-0,00108492
3525;-0,00108457
3526;-0,00108436
3527;-0,00108412
3528;-0,00108372
3529;-0,00108338
3530;-0,00108324
3531;-0,00108284
3532;-0,00108259
3533;-0,00108208
3534;-0,00108173
3535;-0,00108152
3536;-0,00108084
3537;-0,00108084
3538;-0,00108086
3539;-0,00107986
3540;-0,0010802
3541;-0,00107961
3542;-0,00107941
3543;-0,00107913
3544;-0,00107867
3545;-0,00107831
3546;-0,00107797
3547;-0,00107771
3548;-0,00107765
3549;-0,00107714
3550;-0,00107651
3551;-0,0010764
3552;-0,0010761
3553;-0,00107565
3554;-0,00107539
3555;-0,00107512
3556;-0,00107493
3557;-0,00107423
3558;-0,00107414
3559;-0,0010738
3560;-0,00107333
3561;-0,00107293
3562;-0,00107281
3563;-0,00107235
3564;-0,0010717
3565;-0,00107187
3566;-0,00107142
3567;-0,00107117
3568;-0,00107067
3569;-0,00107016
3570;-0,00106976
3571;-0,00106977
3572;-0,00106942
3573;-0,0010691
3574;-0,00106882
3575;-0,00106832
3576;-0,00106812
3577;-0,00106764
3578;-0,00106744
3579;-0,00106693
3580;-0,00106676
3581;-0,00106659
3582;-0,00106609
3583;-0,00106554
3584;-0,00106546
3585;-0,0010651
3586;-0,00106484
3587;-0,00106398
3588;-0,00106416
3589;-0,00106374
3590;-0,00106324
3591;-0,00106319
3592;-0,00106301
3593;-0,00106249
3594;-0,00106266
3595;-0,00106199
3596;-0,00106119
3597;-0,00106109
3598;-0,00106108
3599;-0,00106041
3600;-0,00106003
3601;-0,00105993
3602;-0,00105951
3603;-0,00105925
3604;-0,00105901
3605;-0,00105892
3606;-0,00105821
3607;-0,00105807
3608;-0,0010574
3609;-0,0010574
3610;-0,00105704
3611;-0,00105678
3612;-0,00105628
3613;-0,00105606
3614;-0,00105562
3615;-0,00105521
3616;-0,00105489
3617;-0,00105475
3618;-0,00105443
3619;-0,00105413
3620;-0,00105362
3621;-0,00105324
3622;-0,00105293
3623;-0,00105283
3624;-0,00105238
3625;-0,00105217
3626;-0,00105168
3627;-0,00105142
3628;-0,00105102
3629;-0,00105093
3630;-0,00105026
3631;-0,00105034
3632;-0,00104993
3633;-0,0010495
3634;-0,00104926
3635;-0,00104895
3636;-0,00104872
3637;-0,0010485
3638;-0,00104818
3639;-0,00104789
3640;-0,00104761
3641;-0,00104738
3642;-0,0010471
3643;-0,00104656
3644;-0,00104639
3645;-0,00104602
3646;-0,00104557
3647;-0,00104537
3648;-0,00104488
3649;-0,00104476
3650;-0,00104419
3651;-0,00104404
3652;-0,00104406
3653;-0,00104347
3654;-0,00104332
3655;-0,00104301
3656;-0,00104266
3657;-0,00104254
3658;-0,00104216
3659;-0,00104196
3660;-0,00104158
3661;-0,00104149
3662;-0,00104098
3663;-0,00104081
3664;-0,00104095
3665;-0,0010401
3666;-0,00103973
3667;-0,00103951
3668;-0,00103892
3669;-0,00103899
3670;-0,0010386
3671;-0,00103836
3672;-0,00103816
3673;-0,00103781
3674;-0,00103756
3675;-0,00103714
3676;-0,00103685
3677;-0,00103696
3678;-0,00103683
3679;-0,00103585
3680;-0,00103586
3681;-0,00103551
3682;-0,00103523
3683;-0,00103499
3684;-0,00103459
3685;-0,00103448
3686;-0,00103439
3687;-0,00103376
3688;-0,00103339
3689;-0,0010332
3690;-0,00103285
3691;-0,00103272
3692;-0,0010323
3693;-0,00103205
3694;-0,00103163
3695;-0,0010316
3696;-0,00103126
3697;-0,00103092
3698;-0,00103098
3699;-0,00103026
3700;-0,00103014
3701;-0,00102987
3702;-0,00102934
3703;-0,00102949
3704;-0,00102862
3705;-0,0010289
3706;-0,00102837
3707;-0,00102809
3708;-0,00102795
3709;-0,00102769
3710;-0,00102731
3711;-0,00102692
3712;-0,00102673
3713;-0,00102631
3714;-0,00102646
3715;-0,00102593
3716;-0,00102563
3717;-0,00102563
3718;-0,0010253
3719;-0,00102519
3720;-0,00102471
3721;-0,00102445
3722;-0,00102421
3723;-0,00102431
3724;-0,00102381
3725;-0,00102394
3726;-0,0010234
3727;-0,00102327
3728;-0,00102286
3729;-0,00102266
3730;-0,0010227
3731;-0,00102244
3732;-0,00102231
3733;-0,00102181
3734;-0,00102169
3735;-0,0010215
3736;-0,0010214
3737;-0,00102143
3738;-0,00102113
3739;-0,00102092
3740;-0,00102068
3741;-0,00102067
3742;-0,00102012
3743;-0,00102059
3744;-0,00102045
3745;-0,00102004
3746;-0,00101999
3747;-0,00102008
3748;-0,00101973
3749;-0,00101992
3750;-0,00101948
3751;-0,00101944
3752;-0,00101966
3753;-0,00101945
3754;-0,00101944
3755;-0,00101935
3756;-0,00101928
3757;-0,00101909
3758;-0,00101928
3759;-0,00101863
3760;-0,0010189
3761;-0,00101898
3762;-0,00101876
3763;-0,00101886
3764;-0,00101863
3765;-0,00101856
3766;-0,00101864
3767;-0,00101857
3768;-0,0010185
3769;-0,00101831
3770;-0,00101836
3771;-0,00101827
3772;-0,00101829
3773;-0,00101823
3774;-0,00101847
3775;-0,00101827
3776;-0,00101839
3777;-0,00101823
3778;-0,00101809
3779;-0,00101782
3780;-0,00101799
3781;-0,00101789
3782;-0,00101803
3783;-0,00101774
3784;-0,00101774
3785;-0,0010179
3786;-0,00101781
3787;-0,00101794
3788;-0,00101776
3789;-0,00101765
3790;-0,00101768
3791;-0,00101732
3792;-0,00101753
3793;-0,00101723
3794;-0,00101755
3795;-0,00101726
3796;-0,00101741
3797;-0,0010168
3798;-0,00101706
3799;-0,00101693
3800;-0,00101696
3801;-0,0010166
3802;-0,00101651
3803;-0,0010164
3804;-0,00101638
3805;-0,00101629
3806;-0,00101616
3807;-0,00101592
3808;-0,00101544
3809;-0,00101523
3810;-0,00101516
3811;-0,00101472
3812;-0,00101458
3813;-0,00101426
3814;-0,001014
3815;-0,00101406
3816;-0,00101356
3817;-0,00101333
3818;-0,00101339
3819;-0,00101295
3820;-0,00101278
3821;-0,00101244
3822;-0,00101214
3823;-0,00101188
3824;-0,00101172
3825;-0,0010112
3826;-0,00101099
3827;-0,00101059
3828;-0,00101058
3829;-0,00101042
3830;-0,00101026
3831;-0,00101006
3832;-0,00100993
3833;-0,0010095
3834;-0,0010092
3835;-0,00100892
3836;-0,00100877
3837;-0,00100861
3838;-0,0010082
3839;-0,00100798
3840;-0,00100763
3841;-0,00100741
3842;-0,00100731
3843;-0,00100688
3844;-0,0010068
3845;-0,00100646
3846;-0,00100622
3847;-0,00100595
3848;-0,0010058
3849;-0,00100555
3850;-0,00100525
3851;-0,00100506
3852;-0,00100491
3853;-0,0010045
3854;-0,00100428
3855;-0,0010039
3856;-0,00100366
3857;-0,00100328
3858;-0,00100305
3859;-0,0010029
3860;-0,00100269
3861;-0,00100268
3862;-0,00100242
3863;-0,00100202
3864;-0,00100158
3865;-0,00100162
3866;-0,00100128
3867;-0,001001
3868;-0,00100058
3869;-0,00100038
3870;-0,00100022
3871;-0,000999754
3872;-0,000999452
3873;-0,000999327
3874;-0,000998921
3875;-0,000998671
3876;-0,000998702
3877;-0,000998213
3878;-0,000998025
3879;-0,000997942
3880;-0,000997733
3881;-0,000997338
3882;-0,0009969
3883;-0,000996952
3884;-0,000996473
3885;-0,00099639
3886;-0,000996004
3887;-0,000995546
3888;-0,000995671
3889;-0,000995129
3890;-0,000994692
3891;-0,000994827
3892;-0,000994546
3893;-0,000994192
3894;-0,00099414
3895;-0,000994015
3896;-0,000993494
3897;-0,000993348
3898;-0,000993202
3899;-0,000992817
3900;-0,000992515
3901;-0,000992306
3902;-0,000992254
3903;-0,000992285
3904;-0,000991483
3905;-0,000991369
3906;-0,000991233
3907;-0,0009909
3908;-0,000990358
3909;-0,000990296
3910;-0,000990129
3911;-0,000989702
3912;-0,000989463
3913;-0,000989827
3914;-0,000988994
3915;-0,000988796
3916;-0,00098864
3917;-0,000988379
3918;-0,000987911
3919;-0,000987661
3920;-0,000987411
3921;-0,000987452
3922;-0,000987056
3923;-0,000986827
3924;-0,000986515
3925;-0,000986463
3926;-0,000986317
3927;-0,000985723
3928;-0,000985463
3929;-0,000984963
3930;-0,000984806
3931;-0,000984921
3932;-0,000984452
3933;-0,000983963
3934;-0,000983994
3935;-0,000983452
3936;-0,000983442
3937;-0,000982981
3938;-0,000982961
3939;-0,000982627
3940;-0,000982711
3941;-0,000982325
3942;-0,000982044
3943;-0,000981419
3944;-0,000981419
3945;-0,0009812
3946;-0,00098094
3947;-0,000980794
3948;-0,000980356
3949;-0,000979981
3950;-0,000980034
3951;-0,000979586
3952;-0,000979304
3953;-0,000979336
3954;-0,000978909
3955;-0,000978357
3956;-0,000978502
3957;-0,000977961
3958;-0,000977732
3959;-0,000977586
3960;-0,000977013
3961;-0,000977044
3962;-0,000976398
3963;-0,000976794
3964;-0,000976346
3965;-0,00097619
3966;-0,000976023
3967;-0,000975638
3968;-0,000975315
3969;-0,000975054
3970;-0,000974929
3971;-0,000974388
3972;-0,000974263
3973;-0,000973982
3974;-0,000973929
3975;-0,000973794
3976;-0,000973419
3977;-0,000973273
3978;-0,000972752
3979;-0,000972315
3980;-0,000972273
3981;-0,000972273
3982;-0,000971909
3983;-0,000971669
3984;-0,000971263
3985;-0,00097094
3986;-0,00097095
3987;-0,000970752
3988;-0,000970086
3989;-0,000969971
3990;-0,000969804
3991;-0,000969617
3992;-0,00096943
3993;-0,000969221
3994;-0,000968825
3995;-0,000968523
3996;-0,000968252
3997;-0,000968044
3998;-0,000967711
3999;-0,000967648
4000;-0,00096745
4001;-0,000967211
4002;-0,000966836
4003;-0,00096668
4004;-0,000966492
4005;-0,000966232
4006;-0,00096618
4007;-0,00096569
4008;-0,000965523
4009;-0,000965263
4010;-0,000965075
4011;-0,000964638
4012;-0,000964544
4013;-0,000964284
4014;-0,000964138
4015;-0,000963846
4016;-0,00096368
4017;-0,000963211
4018;-0,000963294
4019;-0,000962794
4020;-0,000962638
4021;-0,000962669
4022;-0,000962596
4023;-0,000962252
4024;-0,000961961
4025;-0,000961732
4026;-0,000961627
4027;-0,000961617
4028;-0,000961107
4029;-0,000960815
4030;-0,000960763
4031;-0,000960367
4032;-0,000960044
4033;-0,000960086
4034;-0,000959742
4035;-0,000959742
4036;-0,000959159
4037;-0,000959336
4038;-0,000958992
4039;-0,000958763
4040;-0,000958336
4041;-0,000957919
4042;-0,000958075
4043;-0,000957669
4044;-0,00095693
4045;-0,000957367
4046;-0,000957336
4047;-0,00095718
4048;-0,000956846
4049;-0,00095668
4050;-0,000956346
4051;-0,0009562
4052;-0,000955815
4053;-0,000955523
4054;-0,000955273
4055;-0,000954909
4056;-0,000954711
4057;-0,000954659
4058;-0,000954388
4059;-0,000953919
4060;-0,000953711
4061;-0,000953555
4062;-0,000953378
4063;-0,000953221
4064;-0,000953013
4065;-0,000952711
4066;-0,000952888
4067;-0,000952398
4068;-0,000952346
4069;-0,000951888
4070;-0,000951753
4071;-0,00095144
4072;-0,00095095
4073;-0,000950961
4074;-0,000950825
4075;-0,000950555
4076;-0,000950471
4077;-0,000950044
4078;-0,000950065
4079;-0,000949732
4080;-0,000949242
4081;-0,000949128
4082;-0,000948888
4083;-0,000948742
4084;-0,000948284
4085;-0,00094793
4086;-0,000948086
4087;-0,000947763
4088;-0,000947503
4089;-0,000947284
4090;-0,00094694
4091;-0,000946565
4092;-0,000946648
4093;-0,000946336
4094;-0,000946076
4095;-0,000945909
4096;-0,000945378
4097;-0,000945534
4098;-0,000945326
4099;-0,000944961
4100;-0,000944971
4101;-0,000944461
4102;-0,000944482
4103;-0,000944388
4104;-0,000944023
4105;-0,000944013
4106;-0,00094368
4107;-0,000943503
4108;-0,000943305
4109;-0,00094293
4110;-0,000942742
4111;-0,000942513
4112;-0,000942305
4113;-0,000942305
4114;-0,00094193
4115;-0,000942055
4116;-0,000941482
4117;-0,000941117
4118;-0,000941128
4119;-0,000940836
4120;-0,000940628
4121;-0,000940388
4122;-0,000940273
4123;-0,000939826
4124;-0,000939565
4125;-0,000939482
4126;-0,000939253
4127;-0,000939065
4128;-0,000938961
4129;-0,000938836
4130;-0,000938326
4131;-0,000938274
4132;-0,000938159
4133;-0,000937753
4134;-0,000937492
4135;-0,000937367
4136;-0,000936836
4137;-0,000936857
4138;-0,000936586
4139;-0,000936576
4140;-0,00093619
4141;-0,000936117
4142;-0,000935742
4143;-0,000935096
4144;-0,000935263
4145;-0,000935305
4146;-0,000934826
4147;-0,000934596
4148;-0,000934524
4149;-0,00093393
4150;-0,00093394
4151;-0,000933732
4152;-0,000933232
4153;-0,000933159
4154;-0,000932961
4155;-0,000932649
4156;-0,000932419
4157;-0,00093218
4158;-0,00093168
4159;-0,000931315
4160;-0,000931503
4161;-0,000931357
4162;-0,000931201
4163;-0,000930815
4164;-0,000930596
4165;-0,000930555
4166;-0,000930242
4167;-0,000929919
4168;-0,000929721
4169;-0,000929471
4170;-0,000929065
4171;-0,000928899
4172;-0,000929013
4173;-0,00092869
4174;-0,000928201
4175;-0,000928076
4176;-0,000927815
4177;-0,000927482
4178;-0,000927336
4179;-0,000927117
4180;-0,000926878
4181;-0,000926628
4182;-0,000926284
4183;-0,000925867
4184;-0,00092593
4185;-0,000925649
4186;-0,000925836
4187;-0,000925419
4188;-0,000925253
4189;-0,000924649
4190;-0,000924753
4191;-0,000924461
4192;-0,00092418
4193;-0,000923794
4194;-0,000923638
4195;-0,000923399
4196;-0,000923107
4197;-0,000923076
4198;-0,000922774
4199;-0,000922461
4200;-0,00092219
4201;-0,000921909
4202;-0,000921867
4203;-0,000921482
4204;-0,000921076
4205;-0,000921055
4206;-0,000921211
4207;-0,000920607
4208;-0,000920305
4209;-0,000920253
4210;-0,000919742
4211;-0,000919711
4212;-0,000919763
4213;-0,000919076
4214;-0,000919201
4215;-0,000919076
4216;-0,00091867
4217;-0,000918555
4218;-0,000918128
4219;-0,000917961
4220;-0,000917722
4221;-0,000917638
4222;-0,000917472
4223;-0,000917284
4224;-0,000917211
4225;-0,000916815
4226;-0,000916722
4227;-0,000916461
4228;-0,000916357
4229;-0,000916274
4230;-0,00091567
4231;-0,000915649
4232;-0,000915253
4233;-0,000915097
4234;-0,000915138
4235;-0,000914617
4236;-0,000914607
4237;-0,000914472
4238;-0,000913992
4239;-0,00091392
4240;-0,000913565
4241;-0,000913263
4242;-0,000913045
4243;-0,000912951
4244;-0,000912857
4245;-0,000912586
4246;-0,000912315
4247;-0,000912045
4248;-0,00091192
4249;-0,000911638
4250;-0,000911461
4251;-0,000911482
4252;-0,000910982
4253;-0,000910899
4254;-0,000910524
4255;-0,00091043
4256;-0,000910211
4257;-0,000910045
4258;-0,000909774
4259;-0,000909732
4260;-0,000909222
4261;-0,000909357
4262;-0,000909086
4263;-0,000908774
4264;-0,000908253
4265;-0,000908274
4266;-0,000908055
4267;-0,000907763
4268;-0,000907368
4269;-0,000907097
4270;-0,000907232
4271;-0,000907222
4272;-0,00090669
4273;-0,000906784
4274;-0,000906274
4275;-0,000906097
4276;-0,00090594
4277;-0,00090592
4278;-0,000905607
4279;-0,000905326
4280;-0,000905232
4281;-0,000905118
4282;-0,000904878
4283;-0,000904586
4284;-0,000904722
4285;-0,000904482
4286;-0,000904076
4287;-0,000904013
4288;-0,000903868
4289;-0,000903722
4290;-0,000903274
4291;-0,000903128
4292;-0,00090318
4293;-0,000902993
4294;-0,00090267
4295;-0,000902409
4296;-0,000902243
4297;-0,000901972
4298;-0,000901878
4299;-0,000901711
4300;-0,000901555
4301;-0,000901128
4302;-0,000900899
4303;-0,00090093
4304;-0,000900722
4305;-0,000900357
4306;-0,000900534
4307;-0,000899961
4308;-0,000899461
4309;-0,000899493
4310;-0,000899357
4311;-0,000899378
4312;-0,000898805
4313;-0,000898795
4314;-0,000898534
4315;-0,00089842
4316;-0,000898191
4317;-0,000897847
4318;-0,000897743
4319;-0,000897409
4320;-0,000897243
4321;-0,000897138
4322;-0,000896826
4323;-0,00089668
4324;-0,000896441
4325;-0,000896211
4326;-0,000896118
4327;-0,000895691
4328;-0,000895524
4329;-0,000895472
4330;-0,000895232
4331;-0,00089493
4332;-0,00089467
4333;-0,000894576
4334;-0,000894493
4335;-0,000894274
4336;-0,000893961
4337;-0,000893868
4338;-0,000893305
4339;-0,000893284
4340;-0,000892982
4341;-0,000892878
4342;-0,000892638
4343;-0,000892534
4344;-0,000892253
4345;-0,000892003
4346;-0,000891659
4347;-0,000891732
4348;-0,000891691
4349;-0,000891326
4350;-0,000891013
4351;-0,000890868
4352;-0,000890534
4353;-0,000890461
4354;-0,00089017
4355;-0,000889982
4356;-0,000889951
4357;-0,000889409
4358;-0,000889305
4359;-0,000889274
4360;-0,00088918
4361;-0,000889013
4362;-0,000889159
4363;-0,000888816
4364;-0,000888149
4365;-0,000888055
4366;-0,000887764
4367;-0,000887784
4368;-0,000887847
4369;-0,000887295
4370;-0,000886909
4371;-0,000887034
4372;-0,000886514
4373;-0,000886368
4374;-0,000885972
4375;-0,000885982
4376;-0,000885826
4377;-0,000885711
4378;-0,000885389
4379;-0,000885243
4380;-0,000885076
4381;-0,000884764
4382;-0,000884555
4383;-0,000884409
4384;-0,000884055
4385;-0,000884222
4386;-0,000883607
4387;-0,000883868
4388;-0,000883472
4389;-0,000883003
4390;-0,000882868
4391;-0,000882753
4392;-0,000882566
4393;-0,000882336
4394;-0,000882191
4395;-0,000882034
4396;-0,000881764
4397;-0,000881066
4398;-0,000881441
4399;-0,000881201
4400;-0,000881045
4401;-0,00088068
4402;-0,000880618
4403;-0,000880555
4404;-0,000879941
4405;-0,000880076
4406;-0,000879993
4407;-0,000879774
4408;-0,000879389
4409;-0,000879201
4410;-0,000879045
4411;-0,000878878
4412;-0,000878503
4413;-0,000878274
4414;-0,000878295
4415;-0,000877816
4416;-0,000877639
4417;-0,000877555
4418;-0,000877316
4419;-0,000877232
4420;-0,00087718
4421;-0,000876628
4422;-0,000876847
4423;-0,000876493
4424;-0,000876139
4425;-0,00087592
4426;-0,000875753
4427;-0,000875389
4428;-0,000875368
4429;-0,000875055
4430;-0,000874784
4431;-0,000874639
4432;-0,000874503
4433;-0,000874087
4434;-0,000874003
4435;-0,000873993
4436;-0,000873816
4437;-0,000873534
4438;-0,000873212
4439;-0,000873128
4440;-0,000872576
4441;-0,000872701
4442;-0,000872076
4443;-0,000871691
4444;-0,000872118
4445;-0,000871972
4446;-0,000871555
4447;-0,000871691
4448;-0,000871493
4449;-0,000870868
4450;-0,000870826
4451;-0,000870764
4452;-0,000870597
4453;-0,000870587
4454;-0,000870264
4455;-0,000870003
4456;-0,000869878
4457;-0,000869597
4458;-0,000869743
4459;-0,000869357
4460;-0,000869055
4461;-0,00086917
4462;-0,00086868
4463;-0,000868628
4464;-0,000868212
4465;-0,000868274
4466;-0,000867962
4467;-0,000868097
4468;-0,000867712
4469;-0,000867337
4470;-0,000867191
4471;-0,000867076
4472;-0,000866847
4473;-0,000866753
4474;-0,000866316
4475;-0,000866305
4476;-0,000865972
4477;-0,000865785
4478;-0,000865722
4479;-0,000865399
4480;-0,000865451
4481;-0,000865118
4482;-0,000864826
4483;-0,000864805
4484;-0,00086443
4485;-0,000864285
4486;-0,000864035
4487;-0,000863889
4488;-0,000863691
4489;-0,000863732
4490;-0,000863649
4491;-0,000863201
4492;-0,00086293
4493;-0,00086266
4494;-0,000862566
4495;-0,000862347
4496;-0,000862378
4497;-0,00086191
4498;-0,000861649
4499;-0,000861514
4500;-0,000861368
4501;-0,000861326
4502;-0,000861045
4503;-0,000860493
4504;-0,000860493
4505;-0,000860535
4506;-0,000860316
4507;-0,000860232
4508;-0,000860055
4509;-0,00086018
4510;-0,000859972
4511;-0,000859524
4512;-0,000859295
4513;-0,000859055
4514;-0,000859347
4515;-0,000858607
4516;-0,000858368
4517;-0,000858253
4518;-0,000858149
4519;-0,000857962
4520;-0,000857826
4521;-0,000857774
4522;-0,000857462
4523;-0,000857233
4524;-0,000857055
4525;-0,000856691
4526;-0,000856712
4527;-0,000856222
4528;-0,000856285
4529;-0,000856045
4530;-0,000855816
4531;-0,000855608
4532;-0,000855524
4533;-0,000855347
4534;-0,000855128
4535;-0,000854712
4536;-0,000855045
4537;-0,000854555
4538;-0,00085443
4539;-0,000854326
4540;-0,000854014
4541;-0,000853733
4542;-0,000853472
4543;-0,00085343
4544;-0,000853399
4545;-0,000852972
4546;-0,000852805
4547;-0,000852493
4548;-0,000852305
4549;-0,000852243
4550;-0,000852097
4551;-0,000851837
4552;-0,000851733
4553;-0,00085141
4554;-0,000851295
4555;-0,000851243
4556;-0,000850837
4557;-0,000850514
4558;-0,000850868
4559;-0,000850295
4560;-0,000850118
4561;-0,000849951
4562;-0,000850274
4563;-0,000849524
4564;-0,000849316
4565;-0,000849212
4566;-0,00084893
4567;-0,000848649
4568;-0,000848483
4569;-0,000848222
4570;-0,000848056
4571;-0,000848024
4572;-0,000847868
4573;-0,000847681
4574;-0,000847535
4575;-0,000847201
4576;-0,000847149
4577;-0,000846941
4578;-0,000846451
4579;-0,000846514
4580;-0,00084617
4581;-0,000846128
4582;-0,000845972
4583;-0,000845743
4584;-0,000845306
4585;-0,000845326
4586;-0,000845212
4587;-0,000844868
4588;-0,000844847
4589;-0,000844691
4590;-0,000844316
4591;-0,000844118
4592;-0,000844087
4593;-0,000844024
4594;-0,000843743
4595;-0,000843399
4596;-0,000843347
4597;-0,000843045
4598;-0,000842899
4599;-0,000842576
4600;-0,000842503
4601;-0,00084242
4602;-0,000842045
4603;-0,000841816
4604;-0,000841826
4605;-0,000841608
4606;-0,000841306
4607;-0,000841139
4608;-0,000840774
4609;-0,000840753
4610;-0,000840587
4611;-0,000840483
4612;-0,000840285
4613;-0,000840118
4614;-0,000839785
4615;-0,000839628
4616;-0,00083941
4617;-0,000838962
4618;-0,000838962
4619;-0,000838774
4620;-0,000838722
4621;-0,00083867
4622;-0,000838212
4623;-0,000838108
4624;-0,000838326
4625;-0,000837785
4626;-0,00083742
4627;-0,000837524
4628;-0,000837358
4629;-0,000837024
4630;-0,000836795
4631;-0,000836816
4632;-0,000836451
4633;-0,000836316
4634;-0,000836035
4635;-0,000835983
4636;-0,000835858
4637;-0,000835451
4638;-0,000835483
4639;-0,000835191
4640;-0,000835139
4641;-0,000834774
4642;-0,000834743
4643;-0,000834556
4644;-0,000834264
4645;-0,000834129
4646;-0,00083391
4647;-0,000833639
4648;-0,00083341
4649;-0,000833451
4650;-0,000833222
4651;-0,000832826
4652;-0,000832993
4653;-0,000832795
4654;-0,00083242
4655;-0,00083216
4656;-0,000831983
4657;-0,000831951
4658;-0,000831451
4659;-0,00083142
4660;-0,000831306
4661;-0,000831264
4662;-0,000831035
4663;-0,00083091
4664;-0,000830743
4665;-0,000830618
4666;-0,000830368
4667;-0,000830451
4668;-0,000829941
4669;-0,000829951
4670;-0,00082966
4671;-0,000829962
4672;-0,000829274
4673;-0,000828931
4674;-0,000828931
4675;-0,000828587
4676;-0,000828483
4677;-0,000828576
4678;-0,000828118
4679;-0,000827962
4680;-0,000827806
4681;-0,000827774
4682;-0,000827649
4683;-0,000827733
4684;-0,000827191
4685;-0,00082692
4686;-0,000826868
4687;-0,000826743
4688;-0,000826524
4689;-0,000826285
4690;-0,000826202
4691;-0,000825941
4692;-0,000825722
4693;-0,000825639
4694;-0,000825452
4695;-0,000825139
4696;-0,000825035
4697;-0,00082491
4698;-0,000824733
4699;-0,000824587
4700;-0,000824431
4701;-0,000824295
4702;-0,000823983
4703;-0,000823889
4704;-0,000823733
4705;-0,000823608
4706;-0,000823441
4707;-0,000823222
4708;-0,000822858
4709;-0,000822868
4710;-0,000822545
4711;-0,000822358
4712;-0,000822577
4713;-0,000821827
4714;-0,00082216
4715;-0,000821493
4716;-0,000821722
4717;-0,000821045
4718;-0,000821181
4719;-0,000821014
4720;-0,000821004
4721;-0,000820983
4722;-0,000820597
4723;-0,000820327
4724;-0,000820087
4725;-0,000820441
4726;-0,000820149
4727;-0,000819712
4728;-0,000819806
4729;-0,000819222
4730;-0,000819504
4731;-0,000819024
4732;-0,000819139
4733;-0,000818827
4734;-0,000818608
4735;-0,000818504
4736;-0,000818389
4737;-0,00081817
4738;-0,000817993
4739;-0,000817618
4740;-0,000817681
4741;-0,000817431
4742;-0,000817441
4743;-0,000817108
4744;-0,00081692
4745;-0,000816879
4746;-0,000816545
4747;-0,000816452
4748;-0,000816368
4749;-0,000816035
4750;-0,000816056
4751;-0,000815764
4752;-0,000815504
4753;-0,00081542
4754;-0,000815327
4755;-0,000815097
4756;-0,000814983
4757;-0,0008149
4758;-0,000814597
4759;-0,000814472
4760;-0,000814327
4761;-0,000814025
4762;-0,000814035
4763;-0,000813868
4764;-0,000813806
4765;-0,000813275
4766;-0,000813243
4767;-0,000813077
4768;-0,00081291
4769;-0,000812743
4770;-0,000812577
4771;-0,000812233
4772;-0,000812306
4773;-0,000812295
4774;-0,000811785
4775;-0,000811743
4776;-0,000811785
4777;-0,00081116
4778;-0,000811337
4779;-0,000811233
4780;-0,000810847
4781;-0,00081066
4782;-0,000810556
4783;-0,00081042
4784;-0,000810254
4785;-0,000810181
4786;-0,000809472
4787;-0,000809462
4788;-0,000809702
4789;-0,000809452
4790;-0,000809306
4791;-0,000809191
4792;-0,00080891
4793;-0,000808754
4794;-0,000808733
4795;-0,000808535
4796;-0,000808504
4797;-0,000808441
4798;-0,000808066
4799;-0,000807962
4800;-0,000807598
4801;-0,000807733
4802;-0,000807483
4803;-0,000807108
4804;-0,000807254
4805;-0,000806775
4806;-0,000806702
4807;-0,000806775
4808;-0,000806566
4809;-0,000806191
4810;-0,000806139
4811;-0,000805795
4812;-0,000805545
4813;-0,000805389
4814;-0,0008054
4815;-0,000805306
4816;-0,0008049
4817;-0,000805045
4818;-0,000804639
4819;-0,000804577
4820;-0,000804379
4821;-0,000804139
4822;-0,000804243
4823;-0,000804077
4824;-0,000803816
4825;-0,000803775
4826;-0,00080342
4827;-0,0008034
4828;-0,000803129
4829;-0,000803025
4830;-0,000802754
4831;-0,000802462
4832;-0,000802431
4833;-0,000802504
4834;-0,000802025
4835;-0,000801941
4836;-0,000801733
4837;-0,000801556
4838;-0,000801556
4839;-0,000801264
4840;-0,00080091
4841;-0,000800952
4842;-0,000800702
4843;-0,000800556
4844;-0,000800233
4845;-0,000800431
4846;-0,000800191
4847;-0,000800066
4848;-0,000799785
4849;-0,000799514
4850;-0,000799483
4851;-0,000799608
4852;-0,000799087
4853;-0,000798993
4854;-0,000798681
4855;-0,000798775
4856;-0,000798233
4857;-0,000798379
4858;-0,00079816
4859;-0,000797921
4860;-0,000797764
4861;-0,000797639
4862;-0,000797462
4863;-0,000797504
4864;-0,000797129
4865;-0,000796837
4866;-0,000797025
4867;-0,00079666
4868;-0,000796473
4869;-0,000796181
4870;-0,000796035
4871;-0,000796108
4872;-0,000795754
4873;-0,000795848
4874;-0,000795671
4875;-0,000795389
4876;-0,000795098
4877;-0,000795504
4878;-0,000794598
4879;-0,000794681
4880;-0,000794514
4881;-0,000794441
4882;-0,000794285
4883;-0,00079415
4884;-0,000793775
4885;-0,000793775
4886;-0,00079366
4887;-0,000793348
4888;-0,000793202
4889;-0,000793139
4890;-0,000793014
4891;-0,000792921
4892;-0,000792473
4893;-0,000792618
4894;-0,000792421
4895;-0,00079216
4896;-0,000792098
4897;-0,000792046
4898;-0,000791743
4899;-0,000791566
4900;-0,000791535
4901;-0,000791316
4902;-0,000791275
4903;-0,000790879
4904;-0,000790837
4905;-0,000790566
4906;-0,000790285
4907;-0,000790368
4908;-0,000790254
4909;-0,000790098
4910;-0,000789827
4911;-0,000789577
4912;-0,000789598
4913;-0,000789389
4914;-0,000789441
4915;-0,000789296
4916;-0,000788775
4917;-0,000788889
4918;-0,000788806
4919;-0,000788566
4920;-0,000788368
4921;-0,00078816
4922;-0,00078815
4923;-0,000787806
4924;-0,000788139
4925;-0,000787452
4926;-0,000787202
4927;-0,000787087
4928;-0,000787577
4929;-0,000787014
4930;-0,000786744
4931;-0,000786837
4932;-0,000786639
4933;-0,000786546
4934;-0,000786212
4935;-0,000786014
4936;-0,00078616
4937;-0,00078591
4938;-0,000786066
4939;-0,000785483
4940;-0,000785785
4941;-0,000785254
4942;-0,00078516
4943;-0,00078516
4944;-0,00078491
4945;-0,000784681
4946;-0,000784608
4947;-0,000784494
4948;-0,000784379
4949;-0,000784035
4950;-0,000783546
4951;-0,000783816
4952;-0,000783733
4953;-0,000783441
4954;-0,000783316
4955;-0,000783108
4956;-0,000783014
4957;-0,00078266
4958;-0,000782994
4959;-0,000783191
4960;-0,000782483
4961;-0,000782025
4962;-0,000782233
4963;-0,000782014
4964;-0,000781973
4965;-0,0007814
4966;-0,000781577
4967;-0,000781212
4968;-0,000781108
4969;-0,000781056
4970;-0,000780775
4971;-0,000780827
4972;-0,000780462
4973;-0,000780191
4974;-0,000780066
4975;-0,000779858
4976;-0,000779806
4977;-0,000779848
4978;-0,000779754
4979;-0,000779483
4980;-0,000779337
4981;-0,000779275
4982;-0,000778983
4983;-0,000778775
4984;-0,000778619
4985;-0,000778577
4986;-0,000778389
4987;-0,000778421
4988;-0,000778233
4989;-0,000778066
4990;-0,000777702
4991;-0,000777577
4992;-0,000777431
4993;-0,000777202
4994;-0,000777025
4995;-0,000777025
4996;-0,000777192
4997;-0,000776577
4998;-0,000776504
4999;-0,000776504
5000;-0,000776275
5001;-0,000776129
5002;-0,000776087
5003;-0,000775942
5004;-0,000775577
5005;-0,000775202
5006;-0,000775442
5007;-0,00077516
5008;-0,000774858
5009;-0,000774775
5010;-0,0007749
5011;-0,000774681
5012;-0,000774473
5013;-0,000774462
5014;-0,000774587
5015;-0,000774139
5016;-0,000773994
5017;-0,000773952
5018;-0,00077365
5019;-0,000773514
5020;-0,000773244
5021;-0,000773317
5022;-0,000773139
5023;-0,000772869
5024;-0,000772775
5025;-0,000772577
5026;-0,000772546
5027;-0,000772139
5028;-0,000772233
5029;-0,000771952
5030;-0,000771879
5031;-0,000771785
5032;-0,000771577
5033;-0,000771525
5034;-0,000771327
5035;-0,00077115
5036;-0,000770994
5037;-0,000770931
5038;-0,000770587
5039;-0,000770337
5040;-0,000770212
5041;-0,00077015
5042;-0,000770046
5043;-0,000769764
5044;-0,000769848
5045;-0,000769514
5046;-0,000769358
5047;-0,000769608
5048;-0,000769296
5049;-0,000769233
5050;-0,000768775
5051;-0,000768806
5052;-0,000768504
5053;-0,000768629
5054;-0,000768275
5055;-0,000768212
5056;-0,000767994
5057;-0,000767775
5058;-0,000767889
5059;-0,000767473
5060;-0,0007674
5061;-0,000767212
5062;-0,000767119
5063;-0,000766942
5064;-0,000766858
5065;-0,000766921
5066;-0,000766504
5067;-0,000766348
5068;-0,00076641
5069;-0,000766056
5070;-0,000766244
5071;-0,000765879
5072;-0,00076589
5073;-0,000765515
5074;-0,000765035
5075;-0,000765223
5076;-0,000765275
5077;-0,000765212
5078;-0,000764942
5079;-0,000764962
5080;-0,000764712
5081;-0,00076465
5082;-0,000764598
5083;-0,000764233
5084;-0,00076415
5085;-0,000764035
5086;-0,000763931
5087;-0,000763754
5088;-0,000763681
5089;-0,000763452
5090;-0,000763556
5091;-0,000763254
5092;-0,000763087
5093;-0,000762837
5094;-0,000762983
5095;-0,000763077
5096;-0,000762556
5097;-0,000762452
5098;-0,000762358
5099;-0,000761692
5100;-0,000761827
5101;-0,00076165
5102;-0,000761681
5103;-0,000761212
5104;-0,00076141
5105;-0,000761462
5106;-0,000761327
5107;-0,000760858
5108;-0,000760785
5109;-0,000760577
5110;-0,000760535
5111;-0,000760379
5112;-0,000760275
5113;-0,000759796
5114;-0,00075989
5115;-0,000759765
5116;-0,000759525
5117;-0,000759483
5118;-0,000759254
5119;-0,000759223
5120;-0,000759046
5121;-0,000758681
5122;-0,000758692
5123;-0,000758629
5124;-0,000758504
5125;-0,000758348
5126;-0,000758067
5127;-0,000758171
5128;-0,000757733
5129;-0,000757848
5130;-0,000757671
5131;-0,00075766
5132;-0,000757088
5133;-0,000757348
5134;-0,000756817
5135;-0,000756952
5136;-0,000756921
5137;-0,000756744
5138;-0,000756285
5139;-0,000756171
5140;-0,000756254
5141;-0,000756285
5142;-0,000755942
5143;-0,000755817
5144;-0,000755838
5145;-0,000755619
5146;-0,000755265
5147;-0,000755369
5148;-0,000755025
5149;-0,000754973
5150;-0,000754723
5151;-0,000754713
5152;-0,000754431
5153;-0,000754442
5154;-0,00075391
5155;-0,000753994
5156;-0,000754056
5157;-0,000753817
5158;-0,000753556
5159;-0,0007534
5160;-0,000753358
5161;-0,000753317
5162;-0,000753213
5163;-0,000752963
5164;-0,000752775
5165;-0,000752598
5166;-0,00075265
5167;-0,000752473
5168;-0,000752285
5169;-0,000752202
5170;-0,000751973
5171;-0,000752067
5172;-0,000751983
5173;-0,000751369
5174;-0,000751577
5175;-0,000751629
5176;-0,000751275
5177;-0,000751244
5178;-0,000750963
5179;-0,000750765
5180;-0,000750733
5181;-0,000750338
5182;-0,000750348
5183;-0,00075039
5184;-0,000750348
5185;-0,000749963
5186;-0,000749931
5187;-0,000749619
5188;-0,000749713
5189;-0,000749535
5190;-0,000749296
5191;-0,00074939
5192;-0,00074891
5193;-0,000748744
5194;-0,00074864
5195;-0,000748723
5196;-0,000748556
5197;-0,000748254
5198;-0,000748202
5199;-0,000747838
5200;-0,000747765
5201;-0,000747692
5202;-0,000747535
5203;-0,000747473
5204;-0,000747556
5205;-0,000747254
5206;-0,0007469
5207;-0,000746879
5208;-0,000746629
5209;-0,000746681
5210;-0,000746556
5211;-0,00074639
5212;-0,00074639
5213;-0,00074614
5214;-0,000745911
5215;-0,000745827
5216;-0,000745713
5217;-0,000745744
5218;-0,000745077
5219;-0,00074514
5220;-0,000745171
5221;-0,000745088
5222;-0,000744702
5223;-0,000744806
5224;-0,000744567
5225;-0,000744598
5226;-0,000744421
5227;-0,000744098
5228;-0,000743931
5229;-0,000743911
5230;-0,000743786
5231;-0,000743504
5232;-0,000743494
5233;-0,000743608
5234;-0,000743046
5235;-0,000742952
5236;-0,00074289
5237;-0,000742838
5238;-0,000742733
5239;-0,000742525
5240;-0,000742317
5241;-0,000742275
5242;-0,000742077
5243;-0,0007419
5244;-0,000742056
5245;-0,000741879
5246;-0,000741473
5247;-0,000741379
5248;-0,000741192
5249;-0,000741202
5250;-0,000741077
5251;-0,000740879
5252;-0,000740598
5253;-0,000740515
5254;-0,00074039
5255;-0,000740275
5256;-0,00074039
5257;-0,000740129
5258;-0,000739744
5259;-0,000739786
5260;-0,000739702
5261;-0,000739265
5262;-0,0007394
5263;-0,000739296
5264;-0,000739036
5265;-0,00073889
5266;-0,000738733
5267;-0,00073889
5268;-0,000738754
5269;-0,000738515
5270;-0,000738608
5271;-0,000738036
5272;-0,00073815
5273;-0,00073764
5274;-0,000737806
5275;-0,000737817
5276;-0,000737598
5277;-0,000737765
5278;-0,0007374
5279;-0,000736786
5280;-0,000736869
5281;-0,000736681
5282;-0,000736754
5283;-0,000736244
5284;-0,000736369
5285;-0,000736234
5286;-0,000736411
5287;-0,000735921
5288;-0,0007359
5289;-0,00073565
5290;-0,000735577
5291;-0,000735681
5292;-0,000735348
5293;-0,000735025
5294;-0,000734911
5295;-0,000734619
5296;-0,000734609
5297;-0,000734671
5298;-0,000734431
5299;-0,000734223
5300;-0,000733754
5301;-0,00073414
5302;-0,000733838
5303;-0,000733765
5304;-0,000733463
5305;-0,000733265
5306;-0,000733265
5307;-0,000732806
5308;-0,000733181
5309;-0,000732723
5310;-0,000732848
5311;-0,000732421
5312;-0,00073264
5313;-0,000732421
5314;-0,000732088
5315;-0,000732004
5316;-0,000731504
5317;-0,000731609
5318;-0,000731692
5319;-0,000731546
5320;-0,000731286
5321;-0,000731244
5322;-0,000731275
5323;-0,000730786
5324;-0,000730723
5325;-0,000730796
5326;-0,000730577
5327;-0,000730306
5328;-0,000730306
5329;-0,000730109
5330;-0,000729973
5331;-0,000729796
5332;-0,000729754
5333;-0,000729713
5334;-0,000729484
5335;-0,000729504
5336;-0,000728931
5337;-0,000729181
5338;-0,000728629
5339;-0,000728838
5340;-0,000728754
5341;-0,000728609
5342;-0,000728577
5343;-0,000727869
5344;-0,000728098
5345;-0,000728109
5346;-0,000728004
5347;-0,000727848
5348;-0,00072765
5349;-0,000727348
5350;-0,000727494
5351;-0,000727244
5352;-0,000727046
5353;-0,000726682
5354;-0,000726817
5355;-0,000726598
5356;-0,000726577
5357;-0,00072665
5358;-0,000726213
5359;-0,000726161
5360;-0,000725921
5361;-0,000725932
5362;-0,00072589
5363;-0,000725525
5364;-0,000725452
5365;-0,000725494
5366;-0,000724984
5367;-0,000725088
5368;-0,000724942
5369;-0,000724702
5370;-0,000724661
5371;-0,00072464
5372;-0,000724265
5373;-0,000724265
5374;-0,000724025
5375;-0,000723817
5376;-0,000723786
5377;-0,000723775
5378;-0,000723577
5379;-0,000723619
5380;-0,000723577
5381;-0,000723119
5382;-0,000723192
5383;-0,000723057
5384;-0,000722827
5385;-0,000722786
5386;-0,000722671
5387;-0,000722359
5388;-0,0007224
5389;-0,000722182
5390;-0,000722182
5391;-0,000721807
5392;-0,000722161
5393;-0,000721723
5394;-0,000721827
5395;-0,000721525
5396;-0,000721348
5397;-0,000721098
5398;-0,000721223
5399;-0,000721057
5400;-0,000721025
5401;-0,000720838
5402;-0,000720734
5403;-0,000720515
5404;-0,000720171
5405;-0,000720463
5406;-0,000719984
5407;-0,000720004
5408;-0,000719796
5409;-0,000719911
5410;-0,000719754
5411;-0,000719557
5412;-0,000719494
5413;-0,000719557
5414;-0,000719171
5415;-0,000719036
5416;-0,000718911
5417;-0,000718734
5418;-0,000718671
5419;-0,000718411
5420;-0,000718338
5421;-0,000718504
5422;-0,000717609
5423;-0,000718234
5424;-0,000717932
5425;-0,000717848
5426;-0,0007179
5427;-0,000717452
5428;-0,000717463
5429;-0,000717317
5430;-0,000717348
5431;-0,000717057
5432;-0,00071689
5433;-0,000716786
5434;-0,000716734
5435;-0,000716567
5436;-0,000716567
5437;-0,00071638
5438;-0,00071613
5439;-0,000716192
5440;-0,000716223
5441;-0,000715869
5442;-0,000715765
5443;-0,000715546
5444;-0,000715463
5445;-0,0007154
5446;-0,000715244
5447;-0,000714932
5448;-0,000715359
5449;-0,000714932
5450;-0,000714994
5451;-0,000714807
5452;-0,000714817
5453;-0,000714609
5454;-0,00071439
5455;-0,000714244
5456;-0,000714015
5457;-0,00071413
5458;-0,000713963
5459;-0,000713682
5460;-0,000713432
5461;-0,000713661
5462;-0,000713307
5463;-0,000713359
5464;-0,000713244
5465;-0,000712859
5466;-0,000712598
5467;-0,000712755
5468;-0,000712296
5469;-0,000712348
5470;-0,000712494
5471;-0,000711984
5472;-0,000712192
5473;-0,000711786
5474;-0,000711723
5475;-0,000711848
5476;-0,000711505
5477;-0,000711119
5478;-0,000711275
5479;-0,000710921
5480;-0,0007109
5481;-0,000711275
5482;-0,0007109
5483;-0,000710577
5484;-0,00071039
5485;-0,000710452
5486;-0,000710296
5487;-0,000710265
5488;-0,000709984
5489;-0,000709973
5490;-0,000710057
5491;-0,000709609
5492;-0,000709588
5493;-0,000709525
5494;-0,000709515
5495;-0,000709286
5496;-0,000709327
5497;-0,000709036
5498;-0,000708932
5499;-0,000708963
5500;-0,000708692
5501;-0,000708557
5502;-0,00070839
5503;-0,000708077
5504;-0,000708109
5505;-0,000707796
5506;-0,000708025
5507;-0,000707744
5508;-0,000707505
5509;-0,000707546
5510;-0,000707296
5511;-0,000707255
5512;-0,000707088
5513;-0,000706953
5514;-0,000706921
5515;-0,000706765
5516;-0,000706671
5517;-0,000706619
5518;-0,000706463
5519;-0,00070613
5520;-0,000706265
5521;-0,000705859
5522;-0,00070589
5523;-0,000705734
5524;-0,000705703
5525;-0,000705671
5526;-0,000705359
5527;-0,000705578
5528;-0,000705546
5529;-0,000705359
5530;-0,000704921
5531;-0,000704828
5532;-0,000704848
5533;-0,000704786
5534;-0,000704692
5535;-0,00070439
5536;-0,000704036
5537;-0,000704119
5538;-0,000704036
5539;-0,000703953
5540;-0,000704067
5541;-0,000703734
5542;-0,00070364
5543;-0,000703567
5544;-0,000703369
5545;-0,000703171
5546;-0,000702786
5547;-0,000702786
5548;-0,000702932
5549;-0,000702609
5550;-0,000702671
5551;-0,000702494
5552;-0,000702505
5553;-0,000702275
5554;-0,000701848
5555;-0,000702213
5556;-0,000701869
5557;-0,000701953
5558;-0,000701619
5559;-0,000701546
5560;-0,000701598
5561;-0,00070163
5562;-0,000701307
5563;-0,000700786
5564;-0,000701078
5565;-0,00070089
5566;-0,000700578
5567;-0,000700755
5568;-0,000700598
5569;-0,000700859
5570;-0,000700755
5571;-0,000700265
5572;-0,000700067
5573;-0,000699932
5574;-0,000699869
